codigo_ine,ccaa,provincia,nombre
01051,ES21,Araba/Álava,Agurain/Salvatierra
01001,ES21,Araba/Álava,Alegría-Dulantzi
01002,ES21,Araba/Álava,Amurrio
01049,ES21,Araba/Álava,Añana
01003,ES21,Araba/Álava,Aramaio
01006,ES21,Araba/Álava,Armiñón
01037,ES21,Araba/Álava,Arraia-Maeztu
01008,ES21,Araba/Álava,Arratzua-Ubarrundia
01004,ES21,Araba/Álava,Artziniega
01009,ES21,Araba/Álava,Asparrena
01010,ES21,Araba/Álava,Ayala/Aiara
01011,ES21,Araba/Álava,Baños de Ebro/Mañueta
01013,ES21,Araba/Álava,Barrundia
01014,ES21,Araba/Álava,Berantevilla
01016,ES21,Araba/Álava,Bernedo
01017,ES21,Araba/Álava,Campezo/Kanpezu
01021,ES21,Araba/Álava,Elburgo/Burgelu
01022,ES21,Araba/Álava,Elciego
01023,ES21,Araba/Álava,Elvillar/Bilar
01046,ES21,Araba/Álava,Erriberagoitia/Ribera Alta
01056,ES21,Araba/Álava,Harana/Valle de Arana
01901,ES21,Araba/Álava,Iruña Oka/Iruña de Oca
01027,ES21,Araba/Álava,Iruraiz-Gauna
01019,ES21,Araba/Álava,Kripan
01020,ES21,Araba/Álava,Kuartango
01028,ES21,Araba/Álava,Labastida/Bastida
01030,ES21,Araba/Álava,Lagrán
01031,ES21,Araba/Álava,Laguardia
01032,ES21,Araba/Álava,Lanciego/Lantziego
01902,ES21,Araba/Álava,Lantarón
01033,ES21,Araba/Álava,Lapuebla de Labarca
01036,ES21,Araba/Álava,Laudio/Llodio
01058,ES21,Araba/Álava,Legutio
01034,ES21,Araba/Álava,Leza
01039,ES21,Araba/Álava,Moreda de Álava/Moreda Araba
01041,ES21,Araba/Álava,Navaridas
01042,ES21,Araba/Álava,Okondo
01043,ES21,Araba/Álava,Oyón-Oion
01044,ES21,Araba/Álava,Peñacerrada-Urizaharra
01047,ES21,Araba/Álava,Ribera Baja/Erriberabeitia
01052,ES21,Araba/Álava,Samaniego
01053,ES21,Araba/Álava,San Millán/Donemiliaga
01054,ES21,Araba/Álava,Urkabustaiz
01055,ES21,Araba/Álava,Valdegovía/Gaubea
01057,ES21,Araba/Álava,Villabuena de Álava/Eskuernaga
01059,ES21,Araba/Álava,Vitoria-Gasteiz
01060,ES21,Araba/Álava,Yécora/Iekora
01061,ES21,Araba/Álava,Zalduondo
01062,ES21,Araba/Álava,Zambrana
01018,ES21,Araba/Álava,Zigoitia
01063,ES21,Araba/Álava,Zuia
02001,ES42,Albacete,Abengibre
02002,ES42,Albacete,Alatoz
02003,ES42,Albacete,Albacete
02004,ES42,Albacete,Albatana
02005,ES42,Albacete,Alborea
02006,ES42,Albacete,Alcadozo
02007,ES42,Albacete,Alcalá del Júcar
02008,ES42,Albacete,Alcaraz
02009,ES42,Albacete,Almansa
02010,ES42,Albacete,Alpera
02011,ES42,Albacete,Ayna
02012,ES42,Albacete,Balazote
02014,ES42,Albacete,"Ballestero, El"
02013,ES42,Albacete,Balsa de Ves
02015,ES42,Albacete,Barrax
02016,ES42,Albacete,Bienservida
02017,ES42,Albacete,Bogarra
02018,ES42,Albacete,Bonete
02019,ES42,Albacete,"Bonillo, El"
02020,ES42,Albacete,Carcelén
02021,ES42,Albacete,Casas de Juan Núñez
02022,ES42,Albacete,Casas de Lázaro
02023,ES42,Albacete,Casas de Ves
02024,ES42,Albacete,Casas-Ibáñez
02025,ES42,Albacete,Caudete
02026,ES42,Albacete,Cenizate
02029,ES42,Albacete,Chinchilla de Monte-Aragón
02027,ES42,Albacete,Corral-Rubio
02028,ES42,Albacete,Cotillas
02030,ES42,Albacete,Elche de la Sierra
02031,ES42,Albacete,Férez
02032,ES42,Albacete,Fuensanta
02033,ES42,Albacete,Fuente-Álamo
02034,ES42,Albacete,Fuentealbilla
02035,ES42,Albacete,"Gineta, La"
02036,ES42,Albacete,Golosalvo
02037,ES42,Albacete,Hellín
02038,ES42,Albacete,"Herrera, La"
02039,ES42,Albacete,Higueruela
02040,ES42,Albacete,Hoya-Gonzalo
02041,ES42,Albacete,Jorquera
02042,ES42,Albacete,Letur
02043,ES42,Albacete,Lezuza
02044,ES42,Albacete,Liétor
02045,ES42,Albacete,Madrigueras
02046,ES42,Albacete,Mahora
02047,ES42,Albacete,Masegoso
02048,ES42,Albacete,Minaya
02049,ES42,Albacete,Molinicos
02050,ES42,Albacete,Montalvos
02051,ES42,Albacete,Montealegre del Castillo
02052,ES42,Albacete,Motilleja
02053,ES42,Albacete,Munera
02054,ES42,Albacete,Navas de Jorquera
02055,ES42,Albacete,Nerpio
02056,ES42,Albacete,Ontur
02057,ES42,Albacete,Ossa de Montiel
02058,ES42,Albacete,Paterna del Madera
02060,ES42,Albacete,Peñas de San Pedro
02059,ES42,Albacete,Peñascosa
02061,ES42,Albacete,Pétrola
02062,ES42,Albacete,Povedilla
02901,ES42,Albacete,Pozo Cañada
02063,ES42,Albacete,Pozohondo
02064,ES42,Albacete,Pozo-Lorente
02065,ES42,Albacete,Pozuelo
02066,ES42,Albacete,"Recueja, La"
02067,ES42,Albacete,Riópar
02068,ES42,Albacete,Robledo
02069,ES42,Albacete,"Roda, La"
02070,ES42,Albacete,Salobre
02071,ES42,Albacete,San Pedro
02072,ES42,Albacete,Socovos
02073,ES42,Albacete,Tarazona de la Mancha
02074,ES42,Albacete,Tobarra
02075,ES42,Albacete,Valdeganga
02076,ES42,Albacete,Vianos
02077,ES42,Albacete,Villa de Ves
02078,ES42,Albacete,Villalgordo del Júcar
02079,ES42,Albacete,Villamalea
02080,ES42,Albacete,Villapalacios
02081,ES42,Albacete,Villarrobledo
02082,ES42,Albacete,Villatoya
02083,ES42,Albacete,Villavaliente
02084,ES42,Albacete,Villaverde de Guadalimar
02085,ES42,Albacete,Viveros
02086,ES42,Albacete,Yeste
03002,ES52,Alicante/Alacant,Agost
03003,ES52,Alicante/Alacant,Agres
03004,ES52,Alicante/Alacant,Aigües
03014,ES52,Alicante/Alacant,Alacant/Alicante
03005,ES52,Alicante/Alacant,Albatera
03006,ES52,Alicante/Alacant,Alcalalí
03009,ES52,Alicante/Alacant,Alcoi/Alcoy
03008,ES52,Alicante/Alacant,Alcoleja
03007,ES52,Alicante/Alacant,Alcosser
03010,ES52,Alicante/Alacant,Alfafara
03011,ES52,Alicante/Alacant,"Alfàs del Pi, l'"
03012,ES52,Alicante/Alacant,Algorfa
03013,ES52,Alicante/Alacant,Algueña
03015,ES52,Alicante/Alacant,Almoradí
03016,ES52,Alicante/Alacant,Almudaina
03017,ES52,Alicante/Alacant,"Alqueria d'Asnar, l'"
03018,ES52,Alicante/Alacant,Altea
03019,ES52,Alicante/Alacant,Aspe
03001,ES52,Alicante/Alacant,"Atzúbia, l'"
03020,ES52,Alicante/Alacant,Balones
03021,ES52,Alicante/Alacant,Banyeres de Mariola
03022,ES52,Alicante/Alacant,Benasau
03023,ES52,Alicante/Alacant,Beneixama
03024,ES52,Alicante/Alacant,Benejúzar
03025,ES52,Alicante/Alacant,Benferri
03026,ES52,Alicante/Alacant,Beniarbeig
03027,ES52,Alicante/Alacant,Beniardà
03028,ES52,Alicante/Alacant,Beniarrés
03030,ES52,Alicante/Alacant,Benidoleig
03031,ES52,Alicante/Alacant,Benidorm
03032,ES52,Alicante/Alacant,Benifallim
03033,ES52,Alicante/Alacant,Benifato
03029,ES52,Alicante/Alacant,Benigembla
03034,ES52,Alicante/Alacant,Benijófar
03035,ES52,Alicante/Alacant,Benilloba
03036,ES52,Alicante/Alacant,Benillup
03037,ES52,Alicante/Alacant,Benimantell
03038,ES52,Alicante/Alacant,Benimarfull
03039,ES52,Alicante/Alacant,Benimassot
03040,ES52,Alicante/Alacant,Benimeli
03041,ES52,Alicante/Alacant,Benissa
03043,ES52,Alicante/Alacant,Biar
03044,ES52,Alicante/Alacant,Bigastro
03045,ES52,Alicante/Alacant,Bolulla
03046,ES52,Alicante/Alacant,Busot
03049,ES52,Alicante/Alacant,Callosa de Segura
03048,ES52,Alicante/Alacant,Callosa d'en Sarrià
03047,ES52,Alicante/Alacant,Calp
03051,ES52,Alicante/Alacant,"Camp de Mirra, el/Campo de Mirra"
03050,ES52,Alicante/Alacant,"Campello, el"
03052,ES52,Alicante/Alacant,Cañada
03053,ES52,Alicante/Alacant,Castalla
03054,ES52,Alicante/Alacant,Castell de Castells
03075,ES52,Alicante/Alacant,"Castell de Guadalest, el"
03055,ES52,Alicante/Alacant,Catral
03056,ES52,Alicante/Alacant,Cocentaina
03057,ES52,Alicante/Alacant,Confrides
03058,ES52,Alicante/Alacant,Cox
03059,ES52,Alicante/Alacant,Crevillent
03061,ES52,Alicante/Alacant,Daya Nueva
03062,ES52,Alicante/Alacant,Daya Vieja
03063,ES52,Alicante/Alacant,Dénia
03064,ES52,Alicante/Alacant,Dolores
03066,ES52,Alicante/Alacant,Elda
03065,ES52,Alicante/Alacant,Elx/Elche
03067,ES52,Alicante/Alacant,Fageca
03068,ES52,Alicante/Alacant,Famorca
03069,ES52,Alicante/Alacant,Finestrat
03077,ES52,Alicante/Alacant,"Fondó de les Neus, el/Hondón de las Nieves"
03070,ES52,Alicante/Alacant,Formentera del Segura
03072,ES52,Alicante/Alacant,Gaianes
03071,ES52,Alicante/Alacant,Gata de Gorgos
03073,ES52,Alicante/Alacant,Gorga
03074,ES52,Alicante/Alacant,Granja de Rocamora
03076,ES52,Alicante/Alacant,Guardamar del Segura
03078,ES52,Alicante/Alacant,Hondón de los Frailes
03079,ES52,Alicante/Alacant,Ibi
03080,ES52,Alicante/Alacant,Jacarilla
03085,ES52,Alicante/Alacant,Llíber
03086,ES52,Alicante/Alacant,Millena
03088,ES52,Alicante/Alacant,Monforte del Cid
03089,ES52,Alicante/Alacant,Monòver/Monóvar
03903,ES52,Alicante/Alacant,"Montesinos, Los"
03091,ES52,Alicante/Alacant,Murla
03092,ES52,Alicante/Alacant,Muro de Alcoy
03090,ES52,Alicante/Alacant,Mutxamel
03093,ES52,Alicante/Alacant,Novelda
03094,ES52,Alicante/Alacant,"Nucia, la"
03095,ES52,Alicante/Alacant,Ondara
03096,ES52,Alicante/Alacant,Onil
03097,ES52,Alicante/Alacant,Orba
03099,ES52,Alicante/Alacant,Orihuela
03084,ES52,Alicante/Alacant,"Orxa, l'/Lorcha"
03098,ES52,Alicante/Alacant,Orxeta
03100,ES52,Alicante/Alacant,Parcent
03101,ES52,Alicante/Alacant,Pedreguer
03102,ES52,Alicante/Alacant,Pego
03103,ES52,Alicante/Alacant,Penàguila
03104,ES52,Alicante/Alacant,Petrer
03902,ES52,Alicante/Alacant,Pilar de la Horadada
03105,ES52,Alicante/Alacant,"Pinós, el/Pinoso"
03106,ES52,Alicante/Alacant,Planes
03042,ES52,Alicante/Alacant,"Poble Nou de Benitatxell, el/Benitachell"
03901,ES52,Alicante/Alacant,"Poblets, els"
03107,ES52,Alicante/Alacant,Polop
03060,ES52,Alicante/Alacant,Quatretondeta
03109,ES52,Alicante/Alacant,Rafal
03110,ES52,Alicante/Alacant,"Ràfol d'Almúnia, el"
03111,ES52,Alicante/Alacant,Redován
03112,ES52,Alicante/Alacant,Relleu
03113,ES52,Alicante/Alacant,Rojales
03114,ES52,Alicante/Alacant,"Romana, la"
03115,ES52,Alicante/Alacant,Sagra
03116,ES52,Alicante/Alacant,Salinas
03118,ES52,Alicante/Alacant,San Fulgencio
03904,ES52,Alicante/Alacant,San Isidro
03120,ES52,Alicante/Alacant,San Miguel de Salinas
03117,ES52,Alicante/Alacant,Sanet y Negrals
03119,ES52,Alicante/Alacant,Sant Joan d'Alacant
03122,ES52,Alicante/Alacant,Sant Vicent del Raspeig/San Vicente del Raspeig
03121,ES52,Alicante/Alacant,Santa Pola
03123,ES52,Alicante/Alacant,Sax
03124,ES52,Alicante/Alacant,Sella
03125,ES52,Alicante/Alacant,Senija
03127,ES52,Alicante/Alacant,Tàrbena
03128,ES52,Alicante/Alacant,Teulada
03129,ES52,Alicante/Alacant,Tibi
03130,ES52,Alicante/Alacant,Tollos
03131,ES52,Alicante/Alacant,Tormos
03132,ES52,Alicante/Alacant,"Torre de les Maçanes, la/Torremanzanas"
03133,ES52,Alicante/Alacant,Torrevieja
03134,ES52,Alicante/Alacant,"Vall d'Alcalà, la"
03136,ES52,Alicante/Alacant,"Vall de Gallinera, la"
03137,ES52,Alicante/Alacant,"Vall de Laguar, la"
03135,ES52,Alicante/Alacant,"Vall d'Ebo, la"
03138,ES52,Alicante/Alacant,"Verger, el"
03139,ES52,Alicante/Alacant,"Vila Joiosa, la/Villajoyosa"
03140,ES52,Alicante/Alacant,Villena
03082,ES52,Alicante/Alacant,Xàbia/Jávea
03081,ES52,Alicante/Alacant,Xaló
03083,ES52,Alicante/Alacant,Xixona/Jijona
04001,ES61,Almería,Abla
04002,ES61,Almería,Abrucena
04003,ES61,Almería,Adra
04004,ES61,Almería,Albanchez
04005,ES61,Almería,Alboloduy
04006,ES61,Almería,Albox
04007,ES61,Almería,Alcolea
04008,ES61,Almería,Alcóntar
04009,ES61,Almería,Alcudia de Monteagud
04010,ES61,Almería,Alhabia
04011,ES61,Almería,Alhama de Almería
04012,ES61,Almería,Alicún
04013,ES61,Almería,Almería
04014,ES61,Almería,Almócita
04015,ES61,Almería,Alsodux
04016,ES61,Almería,Antas
04017,ES61,Almería,Arboleas
04018,ES61,Almería,Armuña de Almanzora
04019,ES61,Almería,Bacares
04904,ES61,Almería,Balanegra
04020,ES61,Almería,Bayárcal
04021,ES61,Almería,Bayarque
04022,ES61,Almería,Bédar
04023,ES61,Almería,Beires
04024,ES61,Almería,Benahadux
04026,ES61,Almería,Benitagla
04027,ES61,Almería,Benizalón
04028,ES61,Almería,Bentarique
04029,ES61,Almería,Berja
04030,ES61,Almería,Canjáyar
04031,ES61,Almería,Cantoria
04032,ES61,Almería,Carboneras
04033,ES61,Almería,Castro de Filabres
04036,ES61,Almería,Chercos
04037,ES61,Almería,Chirivel
04034,ES61,Almería,Cóbdar
04035,ES61,Almería,Cuevas del Almanzora
04038,ES61,Almería,Dalías
04902,ES61,Almería,"Ejido, El"
04041,ES61,Almería,Enix
04043,ES61,Almería,Felix
04044,ES61,Almería,Fines
04045,ES61,Almería,Fiñana
04046,ES61,Almería,Fondón
04047,ES61,Almería,Gádor
04048,ES61,Almería,"Gallardos, Los"
04049,ES61,Almería,Garrucha
04050,ES61,Almería,Gérgal
04051,ES61,Almería,Huécija
04052,ES61,Almería,Huércal de Almería
04053,ES61,Almería,Huércal-Overa
04054,ES61,Almería,Íllar
04055,ES61,Almería,Instinción
04056,ES61,Almería,Laroya
04057,ES61,Almería,Laujar de Andarax
04058,ES61,Almería,Líjar
04059,ES61,Almería,Lubrín
04060,ES61,Almería,Lucainena de las Torres
04061,ES61,Almería,Lúcar
04062,ES61,Almería,Macael
04063,ES61,Almería,María
04064,ES61,Almería,Mojácar
04903,ES61,Almería,"Mojonera, La"
04065,ES61,Almería,Nacimiento
04066,ES61,Almería,Níjar
04067,ES61,Almería,Ohanes
04068,ES61,Almería,Olula de Castro
04069,ES61,Almería,Olula del Río
04070,ES61,Almería,Oria
04071,ES61,Almería,Padules
04072,ES61,Almería,Partaloa
04073,ES61,Almería,Paterna del Río
04074,ES61,Almería,Pechina
04075,ES61,Almería,Pulpí
04076,ES61,Almería,Purchena
04077,ES61,Almería,Rágol
04078,ES61,Almería,Rioja
04079,ES61,Almería,Roquetas de Mar
04080,ES61,Almería,Santa Cruz de Marchena
04081,ES61,Almería,Santa Fe de Mondújar
04082,ES61,Almería,Senés
04083,ES61,Almería,Serón
04084,ES61,Almería,Sierro
04085,ES61,Almería,Somontín
04086,ES61,Almería,Sorbas
04087,ES61,Almería,Suflí
04088,ES61,Almería,Tabernas
04089,ES61,Almería,Taberno
04090,ES61,Almería,Tahal
04091,ES61,Almería,Terque
04092,ES61,Almería,Tíjola
04901,ES61,Almería,"Tres Villas, Las"
04093,ES61,Almería,Turre
04094,ES61,Almería,Turrillas
04095,ES61,Almería,Uleila del Campo
04096,ES61,Almería,Urrácal
04097,ES61,Almería,Velefique
04098,ES61,Almería,Vélez-Blanco
04099,ES61,Almería,Vélez-Rubio
04100,ES61,Almería,Vera
04101,ES61,Almería,Viator
04102,ES61,Almería,Vícar
04103,ES61,Almería,Zurgena
05001,ES41,Ávila,Adanero
05002,ES41,Ávila,"Adrada, La"
05005,ES41,Ávila,Albornos
05007,ES41,Ávila,Aldeanueva de Santa Cruz
05008,ES41,Ávila,Aldeaseca
05010,ES41,Ávila,"Aldehuela, La"
05012,ES41,Ávila,Amavida
05013,ES41,Ávila,"Arenal, El"
05014,ES41,Ávila,Arenas de San Pedro
05015,ES41,Ávila,Arevalillo
05016,ES41,Ávila,Arévalo
05017,ES41,Ávila,Aveinte
05018,ES41,Ávila,Avellaneda
05019,ES41,Ávila,Ávila
05021,ES41,Ávila,"Barco de Ávila, El"
05022,ES41,Ávila,"Barraco, El"
05023,ES41,Ávila,Barromán
05024,ES41,Ávila,Becedas
05025,ES41,Ávila,Becedillas
05026,ES41,Ávila,Bercial de Zapardiel
05027,ES41,Ávila,"Berlanas, Las"
05029,ES41,Ávila,Bernuy-Zapardiel
05030,ES41,Ávila,Berrocalejo de Aragona
05033,ES41,Ávila,Blascomillán
05034,ES41,Ávila,Blasconuño de Matacabras
05035,ES41,Ávila,Blascosancho
05036,ES41,Ávila,"Bohodón, El"
05037,ES41,Ávila,Bohoyo
05038,ES41,Ávila,Bonilla de la Sierra
05039,ES41,Ávila,Brabos
05040,ES41,Ávila,Bularros
05041,ES41,Ávila,Burgohondo
05042,ES41,Ávila,Cabezas de Alambre
05043,ES41,Ávila,Cabezas del Pozo
05044,ES41,Ávila,Cabezas del Villar
05045,ES41,Ávila,Cabizuela
05046,ES41,Ávila,Canales
05047,ES41,Ávila,Candeleda
05048,ES41,Ávila,Cantiveros
05049,ES41,Ávila,Cardeñosa
05051,ES41,Ávila,"Carrera, La"
05052,ES41,Ávila,Casas del Puerto
05053,ES41,Ávila,Casasola
05054,ES41,Ávila,Casavieja
05055,ES41,Ávila,Casillas
05056,ES41,Ávila,Castellanos de Zapardiel
05057,ES41,Ávila,Cebreros
05058,ES41,Ávila,Cepeda la Mora
05067,ES41,Ávila,Chamartín
05059,ES41,Ávila,Cillán
05060,ES41,Ávila,Cisla
05061,ES41,Ávila,"Colilla, La"
05062,ES41,Ávila,Collado de Contreras
05063,ES41,Ávila,Collado del Mirón
05064,ES41,Ávila,Constanzana
05065,ES41,Ávila,Crespos
05066,ES41,Ávila,Cuevas del Valle
05903,ES41,Ávila,Diego del Carpio
05069,ES41,Ávila,Donjimeno
05070,ES41,Ávila,Donvidas
05072,ES41,Ávila,Espinosa de los Caballeros
05073,ES41,Ávila,Flores de Ávila
05074,ES41,Ávila,Fontiveros
05075,ES41,Ávila,Fresnedilla
05076,ES41,Ávila,"Fresno, El"
05077,ES41,Ávila,Fuente el Saúz
05078,ES41,Ávila,Fuentes de Año
05079,ES41,Ávila,Gallegos de Altamiros
05080,ES41,Ávila,Gallegos de Sobrinos
05081,ES41,Ávila,Garganta del Villar
05082,ES41,Ávila,Gavilanes
05083,ES41,Ávila,Gemuño
05085,ES41,Ávila,Gil García
05084,ES41,Ávila,Gilbuena
05086,ES41,Ávila,Gimialcón
05087,ES41,Ávila,Gotarrendura
05088,ES41,Ávila,Grandes y San Martín
05089,ES41,Ávila,Guisando
05090,ES41,Ávila,Gutierre-Muñoz
05092,ES41,Ávila,Hernansancho
05093,ES41,Ávila,Herradón de Pinares
05094,ES41,Ávila,Herreros de Suso
05095,ES41,Ávila,Higuera de las Dueñas
05096,ES41,Ávila,"Hija de Dios, La"
05097,ES41,Ávila,"Horcajada, La"
05099,ES41,Ávila,Horcajo de las Torres
05100,ES41,Ávila,"Hornillo, El"
05102,ES41,Ávila,"Hoyo de Pinares, El"
05101,ES41,Ávila,Hoyocasero
05103,ES41,Ávila,Hoyorredondo
05106,ES41,Ávila,Hoyos de Miguel Muñoz
05104,ES41,Ávila,Hoyos del Collado
05105,ES41,Ávila,Hoyos del Espino
05107,ES41,Ávila,Hurtumpascual
05108,ES41,Ávila,Junciana
05109,ES41,Ávila,Langa
05110,ES41,Ávila,Lanzahíta
05113,ES41,Ávila,"Llanos de Tormes, Los"
05112,ES41,Ávila,"Losar del Barco, El"
05114,ES41,Ávila,Madrigal de las Altas Torres
05115,ES41,Ávila,Maello
05116,ES41,Ávila,Malpartida de Corneja
05117,ES41,Ávila,Mamblas
05118,ES41,Ávila,Mancera de Arriba
05119,ES41,Ávila,Manjabálago y Ortigosa de Rioalmar
05120,ES41,Ávila,Marlín
05121,ES41,Ávila,Martiherrero
05122,ES41,Ávila,Martínez
05123,ES41,Ávila,Mediana de Voltoya
05124,ES41,Ávila,Medinilla
05125,ES41,Ávila,Mengamuñoz
05126,ES41,Ávila,Mesegar de Corneja
05127,ES41,Ávila,Mijares
05128,ES41,Ávila,Mingorría
05129,ES41,Ávila,"Mirón, El"
05130,ES41,Ávila,Mironcillo
05131,ES41,Ávila,Mirueña de los Infanzones
05132,ES41,Ávila,Mombeltrán
05133,ES41,Ávila,Monsalupe
05134,ES41,Ávila,Moraleja de Matacabras
05135,ES41,Ávila,Muñana
05136,ES41,Ávila,Muñico
05138,ES41,Ávila,Muñogalindo
05139,ES41,Ávila,Muñogrande
05140,ES41,Ávila,Muñomer del Peco
05141,ES41,Ávila,Muñopepe
05142,ES41,Ávila,Muñosancho
05143,ES41,Ávila,Muñotello
05144,ES41,Ávila,Narrillos del Álamo
05145,ES41,Ávila,Narrillos del Rebollar
05149,ES41,Ávila,Narros de Saldueña
05147,ES41,Ávila,Narros del Castillo
05148,ES41,Ávila,Narros del Puerto
05152,ES41,Ávila,Nava de Arévalo
05153,ES41,Ávila,Nava del Barco
05151,ES41,Ávila,Navacepedilla de Corneja
05154,ES41,Ávila,Navadijos
05155,ES41,Ávila,Navaescurial
05156,ES41,Ávila,Navahondilla
05157,ES41,Ávila,Navalacruz
05158,ES41,Ávila,Navalmoral
05159,ES41,Ávila,Navalonguilla
05160,ES41,Ávila,Navalosa
05161,ES41,Ávila,Navalperal de Pinares
05162,ES41,Ávila,Navalperal de Tormes
05163,ES41,Ávila,Navaluenga
05164,ES41,Ávila,Navaquesera
05165,ES41,Ávila,Navarredonda de Gredos
05166,ES41,Ávila,Navarredondilla
05167,ES41,Ávila,Navarrevisca
05168,ES41,Ávila,"Navas del Marqués, Las"
05169,ES41,Ávila,Navatalgordo
05170,ES41,Ávila,Navatejares
05171,ES41,Ávila,Neila de San Miguel
05172,ES41,Ávila,Niharra
05173,ES41,Ávila,Ojos-Albos
05174,ES41,Ávila,Orbita
05175,ES41,Ávila,"Oso, El"
05176,ES41,Ávila,Padiernos
05177,ES41,Ávila,Pajares de Adaja
05178,ES41,Ávila,Palacios de Goda
05179,ES41,Ávila,Papatrigo
05180,ES41,Ávila,"Parral, El"
05181,ES41,Ávila,Pascualcobo
05182,ES41,Ávila,Pedro Bernardo
05183,ES41,Ávila,Pedro-Rodríguez
05184,ES41,Ávila,Peguerinos
05185,ES41,Ávila,Peñalba de Ávila
05186,ES41,Ávila,Piedrahíta
05187,ES41,Ávila,Piedralaves
05188,ES41,Ávila,Poveda
05189,ES41,Ávila,Poyales del Hoyo
05190,ES41,Ávila,Pozanco
05191,ES41,Ávila,Pradosegar
05192,ES41,Ávila,Puerto Castilla
05193,ES41,Ávila,Rasueros
05194,ES41,Ávila,Riocabado
05195,ES41,Ávila,Riofrío
05196,ES41,Ávila,Rivilla de Barajas
05197,ES41,Ávila,Salobral
05198,ES41,Ávila,Salvadiós
05199,ES41,Ávila,San Bartolomé de Béjar
05200,ES41,Ávila,San Bartolomé de Corneja
05201,ES41,Ávila,San Bartolomé de Pinares
05206,ES41,Ávila,San Esteban de los Patos
05208,ES41,Ávila,San Esteban de Zapardiel
05207,ES41,Ávila,San Esteban del Valle
05209,ES41,Ávila,San García de Ingelmos
05901,ES41,Ávila,San Juan de Gredos
05210,ES41,Ávila,San Juan de la Encinilla
05211,ES41,Ávila,San Juan de la Nava
05212,ES41,Ávila,San Juan del Molinillo
05213,ES41,Ávila,San Juan del Olmo
05214,ES41,Ávila,San Lorenzo de Tormes
05215,ES41,Ávila,San Martín de la Vega del Alberche
05216,ES41,Ávila,San Martín del Pimpollar
05217,ES41,Ávila,San Miguel de Corneja
05218,ES41,Ávila,San Miguel de Serrezuela
05219,ES41,Ávila,San Pascual
05220,ES41,Ávila,San Pedro del Arroyo
05231,ES41,Ávila,San Vicente de Arévalo
05204,ES41,Ávila,Sanchidrián
05205,ES41,Ávila,Sanchorreja
05222,ES41,Ávila,Santa Cruz de Pinares
05221,ES41,Ávila,Santa Cruz del Valle
05226,ES41,Ávila,Santa María de los Caballeros
05224,ES41,Ávila,Santa María del Arroyo
05225,ES41,Ávila,Santa María del Berrocal
05902,ES41,Ávila,Santa María del Cubillo
05227,ES41,Ávila,Santa María del Tiétar
05228,ES41,Ávila,Santiago del Collado
05904,ES41,Ávila,Santiago del Tormes
05229,ES41,Ávila,Santo Domingo de las Posadas
05230,ES41,Ávila,Santo Tomé de Zabarcos
05232,ES41,Ávila,"Serrada, La"
05233,ES41,Ávila,Serranillos
05234,ES41,Ávila,Sigeres
05235,ES41,Ávila,Sinlabajos
05236,ES41,Ávila,Solana de Ávila
05237,ES41,Ávila,Solana de Rioalmar
05238,ES41,Ávila,Solosancho
05239,ES41,Ávila,Sotalbo
05240,ES41,Ávila,Sotillo de la Adrada
05241,ES41,Ávila,"Tiemblo, El"
05242,ES41,Ávila,Tiñosillos
05243,ES41,Ávila,Tolbaños
05244,ES41,Ávila,Tormellas
05245,ES41,Ávila,Tornadizos de Ávila
05247,ES41,Ávila,"Torre, La"
05246,ES41,Ávila,Tórtoles
05249,ES41,Ávila,Umbrías
05251,ES41,Ávila,Vadillo de la Sierra
05252,ES41,Ávila,Valdecasa
05253,ES41,Ávila,Vega de Santa María
05254,ES41,Ávila,Velayos
05256,ES41,Ávila,Villaflor
05257,ES41,Ávila,Villafranca de la Sierra
05905,ES41,Ávila,Villanueva de Ávila
05258,ES41,Ávila,Villanueva de Gómez
05259,ES41,Ávila,Villanueva del Aceral
05260,ES41,Ávila,Villanueva del Campillo
05261,ES41,Ávila,Villar de Corneja
05262,ES41,Ávila,Villarejo del Valle
05263,ES41,Ávila,Villatoro
05264,ES41,Ávila,Viñegra de Moraña
05265,ES41,Ávila,Vita
05266,ES41,Ávila,Zapardiel de la Cañada
05267,ES41,Ávila,Zapardiel de la Ribera
06001,ES43,Badajoz,Acedera
06002,ES43,Badajoz,Aceuchal
06003,ES43,Badajoz,Ahillones
06004,ES43,Badajoz,Alange
06005,ES43,Badajoz,"Albuera, La"
06006,ES43,Badajoz,Alburquerque
06007,ES43,Badajoz,Alconchel
06008,ES43,Badajoz,Alconera
06009,ES43,Badajoz,Aljucén
06010,ES43,Badajoz,Almendral
06011,ES43,Badajoz,Almendralejo
06012,ES43,Badajoz,Arroyo de San Serván
06013,ES43,Badajoz,Atalaya
06014,ES43,Badajoz,Azuaga
06015,ES43,Badajoz,Badajoz
06016,ES43,Badajoz,Barcarrota
06017,ES43,Badajoz,Baterno
06018,ES43,Badajoz,Benquerencia de la Serena
06019,ES43,Badajoz,Berlanga
06020,ES43,Badajoz,Bienvenida
06021,ES43,Badajoz,Bodonal de la Sierra
06022,ES43,Badajoz,Burguillos del Cerro
06023,ES43,Badajoz,Cabeza del Buey
06024,ES43,Badajoz,Cabeza la Vaca
06025,ES43,Badajoz,Calamonte
06026,ES43,Badajoz,Calera de León
06027,ES43,Badajoz,Calzadilla de los Barros
06028,ES43,Badajoz,Campanario
06029,ES43,Badajoz,Campillo de Llerena
06030,ES43,Badajoz,Capilla
06031,ES43,Badajoz,Carmonita
06032,ES43,Badajoz,"Carrascalejo, El"
06033,ES43,Badajoz,Casas de Don Pedro
06034,ES43,Badajoz,Casas de Reina
06035,ES43,Badajoz,Castilblanco
06036,ES43,Badajoz,Castuera
06042,ES43,Badajoz,Cheles
06037,ES43,Badajoz,"Codosera, La"
06038,ES43,Badajoz,Cordobilla de Lácara
06039,ES43,Badajoz,"Coronada, La"
06040,ES43,Badajoz,Corte de Peleas
06041,ES43,Badajoz,Cristina
06043,ES43,Badajoz,Don Álvaro
06044,ES43,Badajoz,Don Benito
06045,ES43,Badajoz,Entrín Bajo
06046,ES43,Badajoz,Esparragalejo
06047,ES43,Badajoz,Esparragosa de la Serena
06048,ES43,Badajoz,Esparragosa de Lares
06049,ES43,Badajoz,Feria
06050,ES43,Badajoz,Fregenal de la Sierra
06051,ES43,Badajoz,Fuenlabrada de los Montes
06052,ES43,Badajoz,Fuente de Cantos
06053,ES43,Badajoz,Fuente del Arco
06054,ES43,Badajoz,Fuente del Maestre
06055,ES43,Badajoz,Fuentes de León
06056,ES43,Badajoz,Garbayuela
06057,ES43,Badajoz,Garlitos
06058,ES43,Badajoz,"Garrovilla, La"
06059,ES43,Badajoz,Granja de Torrehermosa
06903,ES43,Badajoz,Guadiana
06060,ES43,Badajoz,Guareña
06061,ES43,Badajoz,"Haba, La"
06062,ES43,Badajoz,Helechosa de los Montes
06063,ES43,Badajoz,Herrera del Duque
06064,ES43,Badajoz,Higuera de la Serena
06065,ES43,Badajoz,Higuera de Llerena
06066,ES43,Badajoz,Higuera de Vargas
06067,ES43,Badajoz,Higuera la Real
06068,ES43,Badajoz,Hinojosa del Valle
06069,ES43,Badajoz,Hornachos
06070,ES43,Badajoz,Jerez de los Caballeros
06071,ES43,Badajoz,"Lapa, La"
06073,ES43,Badajoz,Llera
06074,ES43,Badajoz,Llerena
06072,ES43,Badajoz,Lobón
06075,ES43,Badajoz,Magacela
06076,ES43,Badajoz,Maguilla
06077,ES43,Badajoz,Malcocinado
06078,ES43,Badajoz,Malpartida de la Serena
06079,ES43,Badajoz,Manchita
06080,ES43,Badajoz,Medellín
06081,ES43,Badajoz,Medina de las Torres
06082,ES43,Badajoz,Mengabril
06083,ES43,Badajoz,Mérida
06084,ES43,Badajoz,Mirandilla
06085,ES43,Badajoz,Monesterio
06086,ES43,Badajoz,Montemolín
06087,ES43,Badajoz,Monterrubio de la Serena
06088,ES43,Badajoz,Montijo
06089,ES43,Badajoz,"Morera, La"
06090,ES43,Badajoz,"Nava de Santiago, La"
06091,ES43,Badajoz,Navalvillar de Pela
06092,ES43,Badajoz,Nogales
06093,ES43,Badajoz,Oliva de la Frontera
06094,ES43,Badajoz,Oliva de Mérida
06095,ES43,Badajoz,Olivenza
06096,ES43,Badajoz,Orellana de la Sierra
06097,ES43,Badajoz,Orellana la Vieja
06098,ES43,Badajoz,Palomas
06099,ES43,Badajoz,"Parra, La"
06100,ES43,Badajoz,Peñalsordo
06101,ES43,Badajoz,Peraleda del Zaucejo
06102,ES43,Badajoz,Puebla de Alcocer
06103,ES43,Badajoz,Puebla de la Calzada
06104,ES43,Badajoz,Puebla de la Reina
06107,ES43,Badajoz,Puebla de Obando
06108,ES43,Badajoz,Puebla de Sancho Pérez
06105,ES43,Badajoz,Puebla del Maestre
06106,ES43,Badajoz,Puebla del Prior
06902,ES43,Badajoz,Pueblonuevo del Guadiana
06109,ES43,Badajoz,Quintana de la Serena
06110,ES43,Badajoz,Reina
06111,ES43,Badajoz,Rena
06112,ES43,Badajoz,Retamal de Llerena
06113,ES43,Badajoz,Ribera del Fresno
06114,ES43,Badajoz,Risco
06115,ES43,Badajoz,"Roca de la Sierra, La"
06116,ES43,Badajoz,Salvaleón
06117,ES43,Badajoz,Salvatierra de los Barros
06119,ES43,Badajoz,San Pedro de Mérida
06123,ES43,Badajoz,San Vicente de Alcántara
06118,ES43,Badajoz,Sancti-Spíritus
06120,ES43,Badajoz,Santa Amalia
06121,ES43,Badajoz,Santa Marta
06122,ES43,Badajoz,"Santos de Maimona, Los"
06124,ES43,Badajoz,Segura de León
06125,ES43,Badajoz,Siruela
06126,ES43,Badajoz,Solana de los Barros
06127,ES43,Badajoz,Talarrubias
06128,ES43,Badajoz,Talavera la Real
06129,ES43,Badajoz,Táliga
06130,ES43,Badajoz,Tamurejo
06131,ES43,Badajoz,Torre de Miguel Sesmero
06132,ES43,Badajoz,Torremayor
06133,ES43,Badajoz,Torremejía
06134,ES43,Badajoz,Trasierra
06135,ES43,Badajoz,Trujillanos
06136,ES43,Badajoz,Usagre
06137,ES43,Badajoz,Valdecaballeros
06901,ES43,Badajoz,Valdelacalzada
06138,ES43,Badajoz,Valdetorres
06139,ES43,Badajoz,Valencia de las Torres
06140,ES43,Badajoz,Valencia del Mombuey
06141,ES43,Badajoz,Valencia del Ventoso
06146,ES43,Badajoz,Valle de la Serena
06147,ES43,Badajoz,Valle de Matamoros
06148,ES43,Badajoz,Valle de Santa Ana
06142,ES43,Badajoz,Valverde de Burguillos
06143,ES43,Badajoz,Valverde de Leganés
06144,ES43,Badajoz,Valverde de Llerena
06145,ES43,Badajoz,Valverde de Mérida
06149,ES43,Badajoz,Villafranca de los Barros
06150,ES43,Badajoz,Villagarcía de la Torre
06151,ES43,Badajoz,Villagonzalo
06152,ES43,Badajoz,Villalba de los Barros
06153,ES43,Badajoz,Villanueva de la Serena
06154,ES43,Badajoz,Villanueva del Fresno
06156,ES43,Badajoz,Villar de Rena
06155,ES43,Badajoz,Villar del Rey
06157,ES43,Badajoz,Villarta de los Montes
06158,ES43,Badajoz,Zafra
06159,ES43,Badajoz,Zahínos
06160,ES43,Badajoz,Zalamea de la Serena
06162,ES43,Badajoz,"Zarza, La"
06161,ES43,Badajoz,Zarza-Capilla
07002,ES53,Illes Balears,Alaior
07001,ES53,Illes Balears,Alaró
07003,ES53,Illes Balears,Alcúdia
07004,ES53,Illes Balears,Algaida
07005,ES53,Illes Balears,Andratx
07901,ES53,Illes Balears,Ariany
07006,ES53,Illes Balears,Artà
07007,ES53,Illes Balears,Banyalbufar
07008,ES53,Illes Balears,Binissalem
07009,ES53,Illes Balears,Búger
07010,ES53,Illes Balears,Bunyola
07011,ES53,Illes Balears,Calvià
07012,ES53,Illes Balears,Campanet
07013,ES53,Illes Balears,Campos
07014,ES53,Illes Balears,Capdepera
07064,ES53,Illes Balears,"Castell, Es"
07015,ES53,Illes Balears,Ciutadella de Menorca
07016,ES53,Illes Balears,Consell
07017,ES53,Illes Balears,Costitx
07018,ES53,Illes Balears,Deià
07026,ES53,Illes Balears,Eivissa
07019,ES53,Illes Balears,Escorca
07020,ES53,Illes Balears,Esporles
07021,ES53,Illes Balears,Estellencs
07022,ES53,Illes Balears,Felanitx
07023,ES53,Illes Balears,Ferreries
07024,ES53,Illes Balears,Formentera
07025,ES53,Illes Balears,Fornalutx
07027,ES53,Illes Balears,Inca
07028,ES53,Illes Balears,Lloret de Vistalegre
07029,ES53,Illes Balears,Lloseta
07030,ES53,Illes Balears,Llubí
07031,ES53,Illes Balears,Llucmajor
07033,ES53,Illes Balears,Manacor
07034,ES53,Illes Balears,Mancor de la Vall
07032,ES53,Illes Balears,Maó
07035,ES53,Illes Balears,Maria de la Salut
07036,ES53,Illes Balears,Marratxí
07037,ES53,Illes Balears,"Mercadal, Es"
07902,ES53,Illes Balears,"Migjorn Gran, Es"
07038,ES53,Illes Balears,Montuïri
07039,ES53,Illes Balears,Muro
07040,ES53,Illes Balears,Palma
07041,ES53,Illes Balears,Petra
07044,ES53,Illes Balears,"Pobla, Sa"
07042,ES53,Illes Balears,Pollença
07043,ES53,Illes Balears,Porreres
07045,ES53,Illes Balears,Puigpunyent
07059,ES53,Illes Balears,"Salines, Ses"
07046,ES53,Illes Balears,Sant Antoni de Portmany
07049,ES53,Illes Balears,Sant Joan
07050,ES53,Illes Balears,Sant Joan de Labritja
07048,ES53,Illes Balears,Sant Josep de sa Talaia
07051,ES53,Illes Balears,Sant Llorenç des Cardassar
07052,ES53,Illes Balears,Sant Lluís
07053,ES53,Illes Balears,Santa Eugènia
07054,ES53,Illes Balears,Santa Eulària des Riu
07055,ES53,Illes Balears,Santa Margalida
07056,ES53,Illes Balears,Santa María del Camí
07057,ES53,Illes Balears,Santanyí
07058,ES53,Illes Balears,Selva
07047,ES53,Illes Balears,Sencelles
07060,ES53,Illes Balears,Sineu
07061,ES53,Illes Balears,Sóller
07062,ES53,Illes Balears,Son Servera
07063,ES53,Illes Balears,Valldemossa
07065,ES53,Illes Balears,Vilafranca de Bonany
08001,ES51,Barcelona,Abrera
08002,ES51,Barcelona,Aguilar de Segarra
08014,ES51,Barcelona,Aiguafreda
08003,ES51,Barcelona,Alella
08004,ES51,Barcelona,Alpens
08005,ES51,Barcelona,"Ametlla del Vallès, L'"
08006,ES51,Barcelona,Arenys de Mar
08007,ES51,Barcelona,Arenys de Munt
08008,ES51,Barcelona,Argençola
08009,ES51,Barcelona,Argentona
08010,ES51,Barcelona,Artés
08011,ES51,Barcelona,Avià
08012,ES51,Barcelona,Avinyó
08013,ES51,Barcelona,Avinyonet del Penedès
08015,ES51,Barcelona,Badalona
08904,ES51,Barcelona,Badia del Vallès
08016,ES51,Barcelona,Bagà
08017,ES51,Barcelona,Balenyà
08018,ES51,Barcelona,Balsareny
08252,ES51,Barcelona,Barberà del Vallès
08019,ES51,Barcelona,Barcelona
08020,ES51,Barcelona,Begues
08021,ES51,Barcelona,Bellprat
08022,ES51,Barcelona,Berga
08023,ES51,Barcelona,Bigues i Riells del Fai
08024,ES51,Barcelona,Borredà
08025,ES51,Barcelona,"Bruc, El"
08026,ES51,Barcelona,"Brull, El"
08027,ES51,Barcelona,"Cabanyes, Les"
08028,ES51,Barcelona,Cabrera d'Anoia
08029,ES51,Barcelona,Cabrera de Mar
08030,ES51,Barcelona,Cabrils
08031,ES51,Barcelona,Calaf
08034,ES51,Barcelona,Calders
08033,ES51,Barcelona,Caldes de Montbui
08032,ES51,Barcelona,Caldes d'Estrac
08035,ES51,Barcelona,Calella
08037,ES51,Barcelona,Calldetenes
08038,ES51,Barcelona,Callús
08036,ES51,Barcelona,Calonge de Segarra
08039,ES51,Barcelona,Campins
08040,ES51,Barcelona,Canet de Mar
08041,ES51,Barcelona,Canovelles
08042,ES51,Barcelona,Cànoves i Samalús
08043,ES51,Barcelona,Canyelles
08044,ES51,Barcelona,Capellades
08045,ES51,Barcelona,Capolat
08046,ES51,Barcelona,Cardedeu
08047,ES51,Barcelona,Cardona
08048,ES51,Barcelona,Carme
08049,ES51,Barcelona,Casserres
08057,ES51,Barcelona,Castell de l'Areny
08052,ES51,Barcelona,Castellar de n'Hug
08050,ES51,Barcelona,Castellar del Riu
08051,ES51,Barcelona,Castellar del Vallès
08053,ES51,Barcelona,Castellbell i el Vilar
08054,ES51,Barcelona,Castellbisbal
08055,ES51,Barcelona,Castellcir
08056,ES51,Barcelona,Castelldefels
08058,ES51,Barcelona,Castellet i la Gornal
08060,ES51,Barcelona,Castellfollit de Riubregós
08059,ES51,Barcelona,Castellfollit del Boix
08061,ES51,Barcelona,Castellgalí
08062,ES51,Barcelona,Castellnou de Bages
08063,ES51,Barcelona,Castellolí
08064,ES51,Barcelona,Castellterçol
08065,ES51,Barcelona,Castellví de la Marca
08066,ES51,Barcelona,Castellví de Rosanes
08067,ES51,Barcelona,Centelles
08268,ES51,Barcelona,Cercs
08266,ES51,Barcelona,Cerdanyola del Vallès
08068,ES51,Barcelona,Cervelló
08069,ES51,Barcelona,Collbató
08070,ES51,Barcelona,Collsuspina
08071,ES51,Barcelona,Copons
08072,ES51,Barcelona,Corbera de Llobregat
08073,ES51,Barcelona,Cornellà de Llobregat
08074,ES51,Barcelona,Cubelles
08075,ES51,Barcelona,Dosrius
08076,ES51,Barcelona,Esparreguera
08077,ES51,Barcelona,Esplugues de Llobregat
08078,ES51,Barcelona,"Espunyola, L'"
08254,ES51,Barcelona,"Esquirol, L'"
08079,ES51,Barcelona,"Estany, L'"
08134,ES51,Barcelona,Figaró-Montmany
08080,ES51,Barcelona,Fígols
08082,ES51,Barcelona,Fogars de la Selva
08081,ES51,Barcelona,Fogars de Montclús
08083,ES51,Barcelona,Folgueroles
08084,ES51,Barcelona,Fonollosa
08085,ES51,Barcelona,Font-rubí
08086,ES51,Barcelona,"Franqueses del Vallès, Les"
08090,ES51,Barcelona,Gaià
08087,ES51,Barcelona,Gallifa
08088,ES51,Barcelona,"Garriga, La"
08089,ES51,Barcelona,Gavà
08091,ES51,Barcelona,Gelida
08092,ES51,Barcelona,Gironella
08093,ES51,Barcelona,Gisclareny
08094,ES51,Barcelona,"Granada, La"
08095,ES51,Barcelona,Granera
08096,ES51,Barcelona,Granollers
08097,ES51,Barcelona,Gualba
08099,ES51,Barcelona,Guardiola de Berguedà
08100,ES51,Barcelona,Gurb
08101,ES51,Barcelona,"Hospitalet de Llobregat, L'"
08162,ES51,Barcelona,"Hostalets de Pierola, Els"
08102,ES51,Barcelona,Igualada
08103,ES51,Barcelona,Jorba
08104,ES51,Barcelona,"Llacuna, La"
08105,ES51,Barcelona,"Llagosta, La"
08107,ES51,Barcelona,Lliçà d'Amunt
08108,ES51,Barcelona,Lliçà de Vall
08106,ES51,Barcelona,Llinars del Vallès
08109,ES51,Barcelona,Lluçà
08110,ES51,Barcelona,Malgrat de Mar
08111,ES51,Barcelona,Malla
08112,ES51,Barcelona,Manlleu
08113,ES51,Barcelona,Manresa
08242,ES51,Barcelona,Marganell
08114,ES51,Barcelona,Martorell
08115,ES51,Barcelona,Martorelles
08116,ES51,Barcelona,"Masies de Roda, Les"
08117,ES51,Barcelona,"Masies de Voltregà, Les"
08118,ES51,Barcelona,"Masnou, El"
08119,ES51,Barcelona,Masquefa
08120,ES51,Barcelona,Matadepera
08121,ES51,Barcelona,Mataró
08122,ES51,Barcelona,Mediona
08138,ES51,Barcelona,Moià
08123,ES51,Barcelona,Molins de Rei
08124,ES51,Barcelona,Mollet del Vallès
08128,ES51,Barcelona,Monistrol de Calders
08127,ES51,Barcelona,Monistrol de Montserrat
08125,ES51,Barcelona,Montcada i Reixac
08130,ES51,Barcelona,Montclar
08131,ES51,Barcelona,Montesquiu
08126,ES51,Barcelona,Montgat
08132,ES51,Barcelona,Montmajor
08133,ES51,Barcelona,Montmaneu
08135,ES51,Barcelona,Montmeló
08136,ES51,Barcelona,Montornès del Vallès
08137,ES51,Barcelona,Montseny
08129,ES51,Barcelona,Muntanyola
08139,ES51,Barcelona,Mura
08140,ES51,Barcelona,Navarcles
08141,ES51,Barcelona,Navàs
08142,ES51,Barcelona,"Nou de Berguedà, La"
08143,ES51,Barcelona,Òdena
08145,ES51,Barcelona,Olèrdola
08146,ES51,Barcelona,Olesa de Bonesvalls
08147,ES51,Barcelona,Olesa de Montserrat
08148,ES51,Barcelona,Olivella
08149,ES51,Barcelona,Olost
08144,ES51,Barcelona,Olvan
08150,ES51,Barcelona,Orís
08151,ES51,Barcelona,Oristà
08152,ES51,Barcelona,Orpí
08153,ES51,Barcelona,Òrrius
08154,ES51,Barcelona,Pacs del Penedès
08155,ES51,Barcelona,Palafolls
08156,ES51,Barcelona,Palau-solità i Plegamans
08157,ES51,Barcelona,Pallejà
08905,ES51,Barcelona,"Palma de Cervelló, La"
08158,ES51,Barcelona,"Papiol, El"
08159,ES51,Barcelona,Parets del Vallès
08160,ES51,Barcelona,Perafita
08161,ES51,Barcelona,Piera
08163,ES51,Barcelona,Pineda de Mar
08164,ES51,Barcelona,"Pla del Penedès, El"
08165,ES51,Barcelona,"Pobla de Claramunt, La"
08166,ES51,Barcelona,"Pobla de Lillet, La"
08167,ES51,Barcelona,Polinyà
08182,ES51,Barcelona,"Pont de Vilomara i Rocafort, El"
08168,ES51,Barcelona,Pontons
08169,ES51,Barcelona,"Prat de Llobregat, El"
08171,ES51,Barcelona,Prats de Lluçanès
08170,ES51,Barcelona,"Prats de Rei, Els"
08230,ES51,Barcelona,Premià de Dalt
08172,ES51,Barcelona,Premià de Mar
08174,ES51,Barcelona,Puigdàlber
08175,ES51,Barcelona,Puig-reig
08176,ES51,Barcelona,Pujalt
08177,ES51,Barcelona,"Quar, La"
08178,ES51,Barcelona,Rajadell
08179,ES51,Barcelona,Rellinars
08180,ES51,Barcelona,Ripollet
08181,ES51,Barcelona,"Roca del Vallès, La"
08183,ES51,Barcelona,Roda de Ter
08184,ES51,Barcelona,Rubí
08185,ES51,Barcelona,Rubió
08901,ES51,Barcelona,Rupit i Pruit
08187,ES51,Barcelona,Sabadell
08188,ES51,Barcelona,Sagàs
08190,ES51,Barcelona,Saldes
08191,ES51,Barcelona,Sallent
08194,ES51,Barcelona,Sant Adrià de Besòs
08195,ES51,Barcelona,Sant Agustí de Lluçanès
08196,ES51,Barcelona,Sant Andreu de la Barca
08197,ES51,Barcelona,Sant Andreu de Llavaneres
08198,ES51,Barcelona,Sant Antoni de Vilamajor
08199,ES51,Barcelona,Sant Bartomeu del Grau
08200,ES51,Barcelona,Sant Boi de Llobregat
08201,ES51,Barcelona,Sant Boi de Lluçanès
08203,ES51,Barcelona,Sant Cebrià de Vallalta
08202,ES51,Barcelona,Sant Celoni
08204,ES51,Barcelona,Sant Climent de Llobregat
08205,ES51,Barcelona,Sant Cugat del Vallès
08206,ES51,Barcelona,Sant Cugat Sesgarrigues
08207,ES51,Barcelona,Sant Esteve de Palautordera
08208,ES51,Barcelona,Sant Esteve Sesrovires
08210,ES51,Barcelona,Sant Feliu de Codines
08211,ES51,Barcelona,Sant Feliu de Llobregat
08212,ES51,Barcelona,Sant Feliu Sasserra
08209,ES51,Barcelona,Sant Fost de Campsentelles
08213,ES51,Barcelona,Sant Fruitós de Bages
08215,ES51,Barcelona,Sant Hipòlit de Voltregà
08193,ES51,Barcelona,Sant Iscle de Vallalta
08216,ES51,Barcelona,Sant Jaume de Frontanyà
08218,ES51,Barcelona,Sant Joan de Vilatorrada
08217,ES51,Barcelona,Sant Joan Despí
08903,ES51,Barcelona,Sant Julià de Cerdanyola
08220,ES51,Barcelona,Sant Julià de Vilatorta
08221,ES51,Barcelona,Sant Just Desvern
08222,ES51,Barcelona,Sant Llorenç d'Hortons
08223,ES51,Barcelona,Sant Llorenç Savall
08225,ES51,Barcelona,Sant Martí d'Albars
08224,ES51,Barcelona,Sant Martí de Centelles
08226,ES51,Barcelona,Sant Martí de Tous
08227,ES51,Barcelona,Sant Martí Sarroca
08228,ES51,Barcelona,Sant Martí Sesgueioles
08229,ES51,Barcelona,Sant Mateu de Bages
08231,ES51,Barcelona,Sant Pere de Ribes
08232,ES51,Barcelona,Sant Pere de Riudebitlles
08233,ES51,Barcelona,Sant Pere de Torelló
08234,ES51,Barcelona,Sant Pere de Vilamajor
08189,ES51,Barcelona,Sant Pere Sallavinera
08235,ES51,Barcelona,Sant Pol de Mar
08236,ES51,Barcelona,Sant Quintí de Mediona
08237,ES51,Barcelona,Sant Quirze de Besora
08238,ES51,Barcelona,Sant Quirze del Vallès
08239,ES51,Barcelona,Sant Quirze Safaja
08240,ES51,Barcelona,Sant Sadurní d'Anoia
08241,ES51,Barcelona,Sant Sadurní d'Osormort
08098,ES51,Barcelona,Sant Salvador de Guardiola
08262,ES51,Barcelona,Sant Vicenç de Castellet
08264,ES51,Barcelona,Sant Vicenç de Montalt
08265,ES51,Barcelona,Sant Vicenç de Torelló
08263,ES51,Barcelona,Sant Vicenç dels Horts
08243,ES51,Barcelona,Santa Cecília de Voltregà
08244,ES51,Barcelona,Santa Coloma de Cervelló
08245,ES51,Barcelona,Santa Coloma de Gramenet
08246,ES51,Barcelona,Santa Eugènia de Berga
08247,ES51,Barcelona,Santa Eulàlia de Riuprimer
08248,ES51,Barcelona,Santa Eulàlia de Ronçana
08249,ES51,Barcelona,Santa Fe del Penedès
08250,ES51,Barcelona,Santa Margarida de Montbui
08251,ES51,Barcelona,Santa Margarida i els Monjos
08253,ES51,Barcelona,Santa Maria de Besora
08256,ES51,Barcelona,Santa Maria de Martorelles
08255,ES51,Barcelona,Santa Maria de Merlès
08257,ES51,Barcelona,Santa Maria de Miralles
08259,ES51,Barcelona,Santa Maria de Palautordera
08258,ES51,Barcelona,Santa Maria d'Oló
08260,ES51,Barcelona,Santa Perpètua de Mogoda
08261,ES51,Barcelona,Santa Susanna
08192,ES51,Barcelona,Santpedor
08267,ES51,Barcelona,Sentmenat
08269,ES51,Barcelona,Seva
08270,ES51,Barcelona,Sitges
08271,ES51,Barcelona,Sobremunt
08272,ES51,Barcelona,Sora
08273,ES51,Barcelona,Subirats
08274,ES51,Barcelona,Súria
08276,ES51,Barcelona,Tagamanent
08277,ES51,Barcelona,Talamanca
08278,ES51,Barcelona,Taradell
08275,ES51,Barcelona,Tavèrnoles
08280,ES51,Barcelona,Tavertet
08281,ES51,Barcelona,Teià
08279,ES51,Barcelona,Terrassa
08282,ES51,Barcelona,Tiana
08283,ES51,Barcelona,Tona
08284,ES51,Barcelona,Tordera
08285,ES51,Barcelona,Torelló
08286,ES51,Barcelona,"Torre de Claramunt, La"
08287,ES51,Barcelona,Torrelavit
08288,ES51,Barcelona,Torrelles de Foix
08289,ES51,Barcelona,Torrelles de Llobregat
08290,ES51,Barcelona,Ullastrell
08291,ES51,Barcelona,Vacarisses
08292,ES51,Barcelona,Vallbona d'Anoia
08293,ES51,Barcelona,Vallcebre
08294,ES51,Barcelona,Vallgorguina
08295,ES51,Barcelona,Vallirana
08296,ES51,Barcelona,Vallromanes
08297,ES51,Barcelona,Veciana
08298,ES51,Barcelona,Vic
08299,ES51,Barcelona,Vilada
08301,ES51,Barcelona,Viladecans
08300,ES51,Barcelona,Viladecavalls
08305,ES51,Barcelona,Vilafranca del Penedès
08306,ES51,Barcelona,Vilalba Sasserra
08303,ES51,Barcelona,Vilanova de Sau
08302,ES51,Barcelona,Vilanova del Camí
08902,ES51,Barcelona,Vilanova del Vallès
08307,ES51,Barcelona,Vilanova i la Geltrú
08214,ES51,Barcelona,Vilassar de Dalt
08219,ES51,Barcelona,Vilassar de Mar
08304,ES51,Barcelona,Vilobí del Penedès
08308,ES51,Barcelona,Viver i Serrateix
09001,ES41,Burgos,Abajas
09003,ES41,Burgos,Adrada de Haza
09006,ES41,Burgos,Aguas Cándidas
09007,ES41,Burgos,Aguilar de Bureba
09009,ES41,Burgos,Albillos
09010,ES41,Burgos,Alcocero de Mola
09011,ES41,Burgos,Alfoz de Bricia
09907,ES41,Burgos,Alfoz de Quintanadueñas
09012,ES41,Burgos,Alfoz de Santa Gadea
09013,ES41,Burgos,Altable
09014,ES41,Burgos,"Altos, Los"
09016,ES41,Burgos,Ameyugo
09017,ES41,Burgos,Anguix
09018,ES41,Burgos,Aranda de Duero
09019,ES41,Burgos,Arandilla
09020,ES41,Burgos,Arauzo de Miel
09021,ES41,Burgos,Arauzo de Salce
09022,ES41,Burgos,Arauzo de Torre
09023,ES41,Burgos,Arcos
09024,ES41,Burgos,Arenillas de Riopisuerga
09025,ES41,Burgos,Arija
09026,ES41,Burgos,Arlanzón
09027,ES41,Burgos,Arraya de Oca
09029,ES41,Burgos,Atapuerca
09030,ES41,Burgos,"Ausines, Los"
09032,ES41,Burgos,Avellanosa de Muñó
09033,ES41,Burgos,Bahabón de Esgueva
09034,ES41,Burgos,"Balbases, Los"
09035,ES41,Burgos,Baños de Valdearados
09036,ES41,Burgos,Bañuelos de Bureba
09037,ES41,Burgos,Barbadillo de Herreros
09038,ES41,Burgos,Barbadillo del Mercado
09039,ES41,Burgos,Barbadillo del Pez
09041,ES41,Burgos,Barrio de Muñó
09043,ES41,Burgos,"Barrios de Bureba, Los"
09044,ES41,Burgos,Barrios de Colina
09045,ES41,Burgos,Basconcillos del Tozo
09046,ES41,Burgos,Bascuñana
09047,ES41,Burgos,Belbimbre
09048,ES41,Burgos,Belorado
09050,ES41,Burgos,Berberana
09051,ES41,Burgos,Berlangas de Roa
09052,ES41,Burgos,Berzosa de Bureba
09054,ES41,Burgos,Bozoó
09055,ES41,Burgos,Brazacorta
09056,ES41,Burgos,Briviesca
09057,ES41,Burgos,Bugedo
09058,ES41,Burgos,Buniel
09059,ES41,Burgos,Burgos
09060,ES41,Burgos,Busto de Bureba
09061,ES41,Burgos,Cabañes de Esgueva
09062,ES41,Burgos,Cabezón de la Sierra
09064,ES41,Burgos,Caleruega
09065,ES41,Burgos,Campillo de Aranda
09066,ES41,Burgos,Campolara
09067,ES41,Burgos,Canicosa de la Sierra
09068,ES41,Burgos,Cantabrana
09070,ES41,Burgos,Carazo
09071,ES41,Burgos,Carcedo de Bureba
09072,ES41,Burgos,Carcedo de Burgos
09073,ES41,Burgos,Cardeñadijo
09074,ES41,Burgos,Cardeñajimeno
09075,ES41,Burgos,Cardeñuela Riopico
09076,ES41,Burgos,Carrias
09077,ES41,Burgos,Cascajares de Bureba
09078,ES41,Burgos,Cascajares de la Sierra
09079,ES41,Burgos,Castellanos de Castro
09083,ES41,Burgos,Castil de Peones
09082,ES41,Burgos,Castildelgado
09084,ES41,Burgos,Castrillo de la Reina
09085,ES41,Burgos,Castrillo de la Vega
09088,ES41,Burgos,Castrillo de Riopisuerga
09086,ES41,Burgos,Castrillo del Val
09090,ES41,Burgos,Castrillo Mota de Judíos
09091,ES41,Burgos,Castrojeriz
09063,ES41,Burgos,Cavia
09093,ES41,Burgos,Cayuela
09094,ES41,Burgos,Cebrecos
09095,ES41,Burgos,Celada del Camino
09098,ES41,Burgos,Cerezo de Río Tirón
09100,ES41,Burgos,Cerratón de Juarros
09101,ES41,Burgos,Ciadoncha
09102,ES41,Burgos,Cillaperlata
09103,ES41,Burgos,Cilleruelo de Abajo
09104,ES41,Burgos,Cilleruelo de Arriba
09105,ES41,Burgos,Ciruelos de Cervera
09108,ES41,Burgos,Cogollos
09109,ES41,Burgos,Condado de Treviño
09110,ES41,Burgos,Contreras
09112,ES41,Burgos,Coruña del Conde
09113,ES41,Burgos,Covarrubias
09114,ES41,Burgos,Cubillo del Campo
09115,ES41,Burgos,Cubo de Bureba
09117,ES41,Burgos,"Cueva de Roa, La"
09119,ES41,Burgos,Cuevas de San Clemente
09120,ES41,Burgos,Encío
09122,ES41,Burgos,Espinosa de Cervera
09124,ES41,Burgos,Espinosa de los Monteros
09123,ES41,Burgos,Espinosa del Camino
09125,ES41,Burgos,Estépar
09127,ES41,Burgos,Fontioso
09128,ES41,Burgos,Frandovínez
09129,ES41,Burgos,Fresneda de la Sierra Tirón
09130,ES41,Burgos,Fresneña
09131,ES41,Burgos,Fresnillo de las Dueñas
09132,ES41,Burgos,Fresno de Río Tirón
09133,ES41,Burgos,Fresno de Rodilla
09134,ES41,Burgos,Frías
09135,ES41,Burgos,Fuentebureba
09136,ES41,Burgos,Fuentecén
09137,ES41,Burgos,Fuentelcésped
09138,ES41,Burgos,Fuentelisendo
09139,ES41,Burgos,Fuentemolinos
09140,ES41,Burgos,Fuentenebro
09141,ES41,Burgos,Fuentespina
09143,ES41,Burgos,Galbarros
09144,ES41,Burgos,"Gallega, La"
09148,ES41,Burgos,Grijalba
09149,ES41,Burgos,Grisaleña
09151,ES41,Burgos,Gumiel de Izán
09152,ES41,Burgos,Gumiel de Mercado
09154,ES41,Burgos,Hacinas
09155,ES41,Burgos,Haza
09159,ES41,Burgos,Hontanas
09160,ES41,Burgos,Hontangas
09162,ES41,Burgos,Hontoria de la Cantera
09164,ES41,Burgos,Hontoria de Valdearados
09163,ES41,Burgos,Hontoria del Pinar
09166,ES41,Burgos,"Hormazas, Las"
09167,ES41,Burgos,Hornillos del Camino
09168,ES41,Burgos,"Horra, La"
09169,ES41,Burgos,Hortigüela
09170,ES41,Burgos,Hoyales de Roa
09172,ES41,Burgos,Huérmeces
09173,ES41,Burgos,Huerta de Arriba
09174,ES41,Burgos,Huerta de Rey
09175,ES41,Burgos,Humada
09176,ES41,Burgos,Hurones
09177,ES41,Burgos,Ibeas de Juarros
09178,ES41,Burgos,Ibrillos
09179,ES41,Burgos,Iglesiarrubia
09180,ES41,Burgos,Iglesias
09181,ES41,Burgos,Isar
09182,ES41,Burgos,Itero del Castillo
09183,ES41,Burgos,Jaramillo de la Fuente
09184,ES41,Burgos,Jaramillo Quemado
09189,ES41,Burgos,Junta de Traslaloma
09190,ES41,Burgos,Junta de Villalba de Losa
09191,ES41,Burgos,Jurisdicción de Lara
09192,ES41,Burgos,Jurisdicción de San Zadornil
09194,ES41,Burgos,Lerma
09195,ES41,Burgos,Llano de Bureba
09196,ES41,Burgos,Madrigal del Monte
09197,ES41,Burgos,Madrigalejo del Monte
09198,ES41,Burgos,Mahamud
09199,ES41,Burgos,Mambrilla de Castrejón
09200,ES41,Burgos,Mambrillas de Lara
09201,ES41,Burgos,Mamolar
09202,ES41,Burgos,Manciles
09206,ES41,Burgos,Mazuela
09208,ES41,Burgos,Mecerreyes
09209,ES41,Burgos,Medina de Pomar
09211,ES41,Burgos,Melgar de Fernamental
09213,ES41,Burgos,Merindad de Cuesta-Urria
09214,ES41,Burgos,Merindad de Montija
09906,ES41,Burgos,Merindad de Río Ubierna
09215,ES41,Burgos,Merindad de Sotoscueva
09216,ES41,Burgos,Merindad de Valdeporres
09217,ES41,Burgos,Merindad de Valdivielso
09218,ES41,Burgos,Milagros
09219,ES41,Burgos,Miranda de Ebro
09220,ES41,Burgos,Miraveche
09221,ES41,Burgos,Modúbar de la Emparedada
09223,ES41,Burgos,Monasterio de la Sierra
09224,ES41,Burgos,Monasterio de Rodilla
09225,ES41,Burgos,Moncalvillo
09226,ES41,Burgos,Monterrubio de la Demanda
09227,ES41,Burgos,Montorio
09228,ES41,Burgos,Moradillo de Roa
09229,ES41,Burgos,Nava de Roa
09230,ES41,Burgos,Navas de Bureba
09231,ES41,Burgos,Nebreda
09232,ES41,Burgos,Neila
09235,ES41,Burgos,Olmedillo de Roa
09236,ES41,Burgos,Olmillos de Muñó
09238,ES41,Burgos,Oña
09239,ES41,Burgos,Oquillas
09241,ES41,Burgos,Orbaneja Riopico
09242,ES41,Burgos,Padilla de Abajo
09243,ES41,Burgos,Padilla de Arriba
09244,ES41,Burgos,Padrones de Bureba
09246,ES41,Burgos,Palacios de la Sierra
09247,ES41,Burgos,Palacios de Riopisuerga
09248,ES41,Burgos,Palazuelos de la Sierra
09249,ES41,Burgos,Palazuelos de Muñó
09250,ES41,Burgos,Pampliega
09251,ES41,Burgos,Pancorbo
09253,ES41,Burgos,Pardilla
09255,ES41,Burgos,Partido de la Sierra en Tobalina
09256,ES41,Burgos,Pedrosa de Duero
09259,ES41,Burgos,Pedrosa de Río Úrbel
09257,ES41,Burgos,Pedrosa del Páramo
09258,ES41,Burgos,Pedrosa del Príncipe
09261,ES41,Burgos,Peñaranda de Duero
09262,ES41,Burgos,Peral de Arlanza
09265,ES41,Burgos,Piérnigas
09266,ES41,Burgos,Pineda de la Sierra
09267,ES41,Burgos,Pineda Trasmonte
09268,ES41,Burgos,Pinilla de los Barruecos
09269,ES41,Burgos,Pinilla de los Moros
09270,ES41,Burgos,Pinilla Trasmonte
09272,ES41,Burgos,Poza de la Sal
09273,ES41,Burgos,Prádanos de Bureba
09274,ES41,Burgos,Pradoluengo
09275,ES41,Burgos,Presencio
09276,ES41,Burgos,"Puebla de Arganzón, La"
09277,ES41,Burgos,Puentedura
09279,ES41,Burgos,Quemada
09281,ES41,Burgos,Quintana del Pidio
09280,ES41,Burgos,Quintanabureba
09283,ES41,Burgos,Quintanaélez
09287,ES41,Burgos,Quintanaortuño
09288,ES41,Burgos,Quintanapalla
09289,ES41,Burgos,Quintanar de la Sierra
09292,ES41,Burgos,Quintanavides
09294,ES41,Burgos,Quintanilla de la Mata
09901,ES41,Burgos,Quintanilla del Agua y Tordueles
09295,ES41,Burgos,Quintanilla del Coco
09298,ES41,Burgos,Quintanilla San García
09301,ES41,Burgos,Quintanilla Vivar
09297,ES41,Burgos,"Quintanillas, Las"
09302,ES41,Burgos,Rabanera del Pinar
09303,ES41,Burgos,Rábanos
09304,ES41,Burgos,Rabé de las Calzadas
09306,ES41,Burgos,Rebolledo de la Torre
09307,ES41,Burgos,Redecilla del Camino
09308,ES41,Burgos,Redecilla del Campo
09309,ES41,Burgos,Regumiel de la Sierra
09310,ES41,Burgos,Reinoso
09311,ES41,Burgos,Retuerta
09314,ES41,Burgos,Revilla del Campo
09316,ES41,Burgos,Revilla Vallejera
09312,ES41,Burgos,"Revilla y Ahedo, La"
09315,ES41,Burgos,Revillarruz
09317,ES41,Burgos,Rezmondo
09318,ES41,Burgos,Riocavado de la Sierra
09321,ES41,Burgos,Roa
09323,ES41,Burgos,Rojas
09325,ES41,Burgos,Royuela de Río Franco
09326,ES41,Burgos,Rubena
09327,ES41,Burgos,Rublacedo de Abajo
09328,ES41,Burgos,Rucandio
09329,ES41,Burgos,Salas de Bureba
09330,ES41,Burgos,Salas de los Infantes
09332,ES41,Burgos,Saldaña de Burgos
09334,ES41,Burgos,Salinillas de Bureba
09335,ES41,Burgos,San Adrián de Juarros
09337,ES41,Burgos,San Juan del Monte
09338,ES41,Burgos,San Mamés de Burgos
09339,ES41,Burgos,San Martín de Rubiales
09340,ES41,Burgos,San Millán de Lara
09360,ES41,Burgos,San Vicente del Valle
09343,ES41,Burgos,Santa Cecilia
09345,ES41,Burgos,Santa Cruz de la Salceda
09346,ES41,Burgos,Santa Cruz del Valle Urbión
09347,ES41,Burgos,Santa Gadea del Cid
09348,ES41,Burgos,Santa Inés
09350,ES41,Burgos,Santa María del Campo
09351,ES41,Burgos,Santa María del Invierno
09352,ES41,Burgos,Santa María del Mercadillo
09353,ES41,Burgos,Santa María Ribarredonda
09354,ES41,Burgos,Santa Olalla de Bureba
09355,ES41,Burgos,Santibáñez de Esgueva
09356,ES41,Burgos,Santibáñez del Val
09358,ES41,Burgos,Santo Domingo de Silos
09361,ES41,Burgos,Sargentes de la Lora
09362,ES41,Burgos,Sarracín
09363,ES41,Burgos,Sasamón
09365,ES41,Burgos,"Sequera de Haza, La"
09366,ES41,Burgos,Solarana
09368,ES41,Burgos,Sordillos
09369,ES41,Burgos,Sotillo de la Ribera
09372,ES41,Burgos,Sotragero
09373,ES41,Burgos,Sotresgudo
09374,ES41,Burgos,Susinos del Páramo
09375,ES41,Burgos,Tamarón
09377,ES41,Burgos,Tardajos
09378,ES41,Burgos,Tejada
09380,ES41,Burgos,Terradillos de Esgueva
09381,ES41,Burgos,Tinieblas de la Sierra
09382,ES41,Burgos,Tobar
09384,ES41,Burgos,Tordómar
09386,ES41,Burgos,Torrecilla del Monte
09387,ES41,Burgos,Torregalindo
09388,ES41,Burgos,Torrelara
09389,ES41,Burgos,Torrepadre
09390,ES41,Burgos,Torresandino
09391,ES41,Burgos,Tórtoles de Esgueva
09392,ES41,Burgos,Tosantos
09394,ES41,Burgos,Trespaderne
09395,ES41,Burgos,Tubilla del Agua
09396,ES41,Burgos,Tubilla del Lago
09398,ES41,Burgos,Úrbel del Castillo
09400,ES41,Burgos,Vadocondes
09403,ES41,Burgos,Valdeande
09405,ES41,Burgos,Valdezate
09406,ES41,Burgos,Valdorros
09408,ES41,Burgos,Vallarta de Bureba
09904,ES41,Burgos,Valle de las Navas
09908,ES41,Burgos,Valle de Losa
09409,ES41,Burgos,Valle de Manzanedo
09410,ES41,Burgos,Valle de Mena
09411,ES41,Burgos,Valle de Oca
09902,ES41,Burgos,Valle de Santibáñez
09905,ES41,Burgos,Valle de Sedano
09412,ES41,Burgos,Valle de Tobalina
09413,ES41,Burgos,Valle de Valdebezana
09414,ES41,Burgos,Valle de Valdelaguna
09415,ES41,Burgos,Valle de Valdelucio
09416,ES41,Burgos,Valle de Zamanzas
09417,ES41,Burgos,Vallejera
09418,ES41,Burgos,Valles de Palenzuela
09419,ES41,Burgos,Valluércanes
09407,ES41,Burgos,Valmala
09422,ES41,Burgos,"Vid de Bureba, La"
09421,ES41,Burgos,"Vid y Barrios, La"
09423,ES41,Burgos,Vileña
09427,ES41,Burgos,Villadiego
09428,ES41,Burgos,Villaescusa de Roa
09429,ES41,Burgos,Villaescusa la Sombría
09430,ES41,Burgos,Villaespasa
09431,ES41,Burgos,Villafranca Montes de Oca
09432,ES41,Burgos,Villafruela
09433,ES41,Burgos,Villagalijo
09434,ES41,Burgos,Villagonzalo Pedernales
09437,ES41,Burgos,Villahoz
09438,ES41,Burgos,Villalba de Duero
09439,ES41,Burgos,Villalbilla de Burgos
09440,ES41,Burgos,Villalbilla de Gumiel
09441,ES41,Burgos,Villaldemiro
09442,ES41,Burgos,Villalmanzo
09443,ES41,Burgos,Villamayor de los Montes
09444,ES41,Burgos,Villamayor de Treviño
09445,ES41,Burgos,Villambistia
09446,ES41,Burgos,Villamedianilla
09447,ES41,Burgos,Villamiel de la Sierra
09448,ES41,Burgos,Villangómez
09449,ES41,Burgos,Villanueva de Argaño
09450,ES41,Burgos,Villanueva de Carazo
09451,ES41,Burgos,Villanueva de Gumiel
09454,ES41,Burgos,Villanueva de Teba
09455,ES41,Burgos,Villaquirán de la Puebla
09456,ES41,Burgos,Villaquirán de los Infantes
09903,ES41,Burgos,Villarcayo de Merindad de Castilla la Vieja
09458,ES41,Burgos,Villariezo
09460,ES41,Burgos,Villasandino
09463,ES41,Burgos,Villasur de Herreros
09464,ES41,Burgos,Villatuelda
09466,ES41,Burgos,Villaverde del Monte
09467,ES41,Burgos,Villaverde-Mogina
09471,ES41,Burgos,Villayerno Morquillas
09472,ES41,Burgos,Villazopeque
09473,ES41,Burgos,Villegas
09476,ES41,Burgos,Villoruebo
09424,ES41,Burgos,Viloria de Rioja
09425,ES41,Burgos,Vilviestre del Pinar
09478,ES41,Burgos,Vizcaínos
09480,ES41,Burgos,Zael
09482,ES41,Burgos,Zarzosa de Río Pisuerga
09483,ES41,Burgos,Zazuar
09485,ES41,Burgos,Zuñeda
10001,ES43,Cáceres,Abadía
10002,ES43,Cáceres,Abertura
10003,ES43,Cáceres,Acebo
10004,ES43,Cáceres,Acehúche
10005,ES43,Cáceres,Aceituna
10006,ES43,Cáceres,Ahigal
10903,ES43,Cáceres,Alagón del Río
10007,ES43,Cáceres,Albalá
10008,ES43,Cáceres,Alcántara
10009,ES43,Cáceres,Alcollarín
10010,ES43,Cáceres,Alcuéscar
10012,ES43,Cáceres,Aldea del Cano
10013,ES43,Cáceres,"Aldea del Obispo, La"
10011,ES43,Cáceres,Aldeacentenera
10014,ES43,Cáceres,Aldeanueva de la Vera
10015,ES43,Cáceres,Aldeanueva del Camino
10016,ES43,Cáceres,Aldehuela del Jerte
10017,ES43,Cáceres,Alía
10018,ES43,Cáceres,Aliseda
10019,ES43,Cáceres,Almaraz
10020,ES43,Cáceres,Almoharín
10021,ES43,Cáceres,Arroyo de la Luz
10023,ES43,Cáceres,Arroyomolinos
10022,ES43,Cáceres,Arroyomolinos de la Vera
10024,ES43,Cáceres,Baños de Montemayor
10025,ES43,Cáceres,Barrado
10026,ES43,Cáceres,Belvís de Monroy
10027,ES43,Cáceres,Benquerencia
10028,ES43,Cáceres,Berrocalejo
10029,ES43,Cáceres,Berzocana
10030,ES43,Cáceres,Bohonal de Ibor
10031,ES43,Cáceres,Botija
10032,ES43,Cáceres,Brozas
10033,ES43,Cáceres,Cabañas del Castillo
10034,ES43,Cáceres,Cabezabellosa
10035,ES43,Cáceres,Cabezuela del Valle
10036,ES43,Cáceres,Cabrero
10037,ES43,Cáceres,Cáceres
10038,ES43,Cáceres,Cachorrilla
10039,ES43,Cáceres,Cadalso
10040,ES43,Cáceres,Calzadilla
10041,ES43,Cáceres,Caminomorisco
10042,ES43,Cáceres,Campillo de Deleitosa
10043,ES43,Cáceres,Campo Lugar
10044,ES43,Cáceres,Cañamero
10045,ES43,Cáceres,Cañaveral
10046,ES43,Cáceres,Carbajo
10047,ES43,Cáceres,Carcaboso
10048,ES43,Cáceres,Carrascalejo
10049,ES43,Cáceres,Casar de Cáceres
10050,ES43,Cáceres,Casar de Palomero
10051,ES43,Cáceres,Casares de las Hurdes
10052,ES43,Cáceres,Casas de Don Antonio
10053,ES43,Cáceres,Casas de Don Gómez
10056,ES43,Cáceres,Casas de Millán
10057,ES43,Cáceres,Casas de Miravete
10054,ES43,Cáceres,Casas del Castañar
10055,ES43,Cáceres,Casas del Monte
10058,ES43,Cáceres,Casatejada
10059,ES43,Cáceres,Casillas de Coria
10060,ES43,Cáceres,Castañar de Ibor
10061,ES43,Cáceres,Ceclavín
10062,ES43,Cáceres,Cedillo
10063,ES43,Cáceres,Cerezo
10064,ES43,Cáceres,Cilleros
10065,ES43,Cáceres,Collado de la Vera
10066,ES43,Cáceres,Conquista de la Sierra
10067,ES43,Cáceres,Coria
10068,ES43,Cáceres,Cuacos de Yuste
10069,ES43,Cáceres,"Cumbre, La"
10070,ES43,Cáceres,Deleitosa
10071,ES43,Cáceres,Descargamaría
10072,ES43,Cáceres,Eljas
10073,ES43,Cáceres,Escurial
10075,ES43,Cáceres,Fresnedoso de Ibor
10076,ES43,Cáceres,Galisteo
10077,ES43,Cáceres,Garciaz
10079,ES43,Cáceres,Garganta la Olla
10078,ES43,Cáceres,"Garganta, La"
10080,ES43,Cáceres,Gargantilla
10081,ES43,Cáceres,Gargüera
10082,ES43,Cáceres,Garrovillas de Alconétar
10083,ES43,Cáceres,Garvín
10084,ES43,Cáceres,Gata
10085,ES43,Cáceres,"Gordo, El"
10086,ES43,Cáceres,"Granja, La"
10087,ES43,Cáceres,Guadalupe
10088,ES43,Cáceres,Guijo de Coria
10089,ES43,Cáceres,Guijo de Galisteo
10090,ES43,Cáceres,Guijo de Granadilla
10091,ES43,Cáceres,Guijo de Santa Bárbara
10092,ES43,Cáceres,Herguijuela
10093,ES43,Cáceres,Hernán-Pérez
10094,ES43,Cáceres,Herrera de Alcántara
10095,ES43,Cáceres,Herreruela
10096,ES43,Cáceres,Hervás
10097,ES43,Cáceres,Higuera de Albalat
10098,ES43,Cáceres,Hinojal
10099,ES43,Cáceres,Holguera
10100,ES43,Cáceres,Hoyos
10101,ES43,Cáceres,Huélaga
10102,ES43,Cáceres,Ibahernando
10103,ES43,Cáceres,Jaraicejo
10104,ES43,Cáceres,Jaraíz de la Vera
10105,ES43,Cáceres,Jarandilla de la Vera
10106,ES43,Cáceres,Jarilla
10107,ES43,Cáceres,Jerte
10108,ES43,Cáceres,Ladrillar
10109,ES43,Cáceres,Logrosán
10110,ES43,Cáceres,Losar de la Vera
10111,ES43,Cáceres,Madrigal de la Vera
10112,ES43,Cáceres,Madrigalejo
10113,ES43,Cáceres,Madroñera
10114,ES43,Cáceres,Majadas
10115,ES43,Cáceres,Malpartida de Cáceres
10116,ES43,Cáceres,Malpartida de Plasencia
10117,ES43,Cáceres,Marchagaz
10118,ES43,Cáceres,Mata de Alcántara
10119,ES43,Cáceres,Membrío
10120,ES43,Cáceres,Mesas de Ibor
10121,ES43,Cáceres,Miajadas
10122,ES43,Cáceres,Millanes
10123,ES43,Cáceres,Mirabel
10124,ES43,Cáceres,Mohedas de Granadilla
10125,ES43,Cáceres,Monroy
10126,ES43,Cáceres,Montánchez
10127,ES43,Cáceres,Montehermoso
10128,ES43,Cáceres,Moraleja
10129,ES43,Cáceres,Morcillo
10130,ES43,Cáceres,Navaconcejo
10131,ES43,Cáceres,Navalmoral de la Mata
10132,ES43,Cáceres,Navalvillar de Ibor
10133,ES43,Cáceres,Navas del Madroño
10134,ES43,Cáceres,Navezuelas
10135,ES43,Cáceres,Nuñomoral
10136,ES43,Cáceres,Oliva de Plasencia
10137,ES43,Cáceres,Palomero
10138,ES43,Cáceres,Pasarón de la Vera
10139,ES43,Cáceres,Pedroso de Acim
10140,ES43,Cáceres,Peraleda de la Mata
10141,ES43,Cáceres,Peraleda de San Román
10142,ES43,Cáceres,Perales del Puerto
10143,ES43,Cáceres,Pescueza
10144,ES43,Cáceres,"Pesga, La"
10145,ES43,Cáceres,Piedras Albas
10146,ES43,Cáceres,Pinofranqueado
10147,ES43,Cáceres,Piornal
10148,ES43,Cáceres,Plasencia
10149,ES43,Cáceres,Plasenzuela
10150,ES43,Cáceres,Portaje
10151,ES43,Cáceres,Portezuelo
10152,ES43,Cáceres,Pozuelo de Zarzón
10905,ES43,Cáceres,Pueblonuevo de Miramontes
10153,ES43,Cáceres,Puerto de Santa Cruz
10154,ES43,Cáceres,Rebollar
10155,ES43,Cáceres,Riolobos
10156,ES43,Cáceres,Robledillo de Gata
10157,ES43,Cáceres,Robledillo de la Vera
10158,ES43,Cáceres,Robledillo de Trujillo
10159,ES43,Cáceres,Robledollano
10160,ES43,Cáceres,Romangordo
10901,ES43,Cáceres,Rosalejo
10161,ES43,Cáceres,Ruanes
10162,ES43,Cáceres,Salorino
10163,ES43,Cáceres,Salvatierra de Santiago
10164,ES43,Cáceres,San Martín de Trevejo
10165,ES43,Cáceres,Santa Ana
10166,ES43,Cáceres,Santa Cruz de la Sierra
10167,ES43,Cáceres,Santa Cruz de Paniagua
10168,ES43,Cáceres,Santa Marta de Magasca
10169,ES43,Cáceres,Santiago de Alcántara
10170,ES43,Cáceres,Santiago del Campo
10171,ES43,Cáceres,Santibáñez el Alto
10172,ES43,Cáceres,Santibáñez el Bajo
10173,ES43,Cáceres,Saucedilla
10174,ES43,Cáceres,Segura de Toro
10175,ES43,Cáceres,Serradilla
10176,ES43,Cáceres,Serrejón
10177,ES43,Cáceres,Sierra de Fuentes
10178,ES43,Cáceres,Talaván
10179,ES43,Cáceres,Talaveruela de la Vera
10180,ES43,Cáceres,Talayuela
10181,ES43,Cáceres,Tejeda de Tiétar
10904,ES43,Cáceres,Tiétar
10182,ES43,Cáceres,Toril
10183,ES43,Cáceres,Tornavacas
10184,ES43,Cáceres,"Torno, El"
10187,ES43,Cáceres,Torre de Don Miguel
10188,ES43,Cáceres,Torre de Santa María
10185,ES43,Cáceres,Torrecilla de los Ángeles
10186,ES43,Cáceres,Torrecillas de la Tiesa
10190,ES43,Cáceres,Torrejón el Rubio
10189,ES43,Cáceres,Torrejoncillo
10191,ES43,Cáceres,Torremenga
10192,ES43,Cáceres,Torremocha
10193,ES43,Cáceres,Torreorgaz
10194,ES43,Cáceres,Torrequemada
10195,ES43,Cáceres,Trujillo
10196,ES43,Cáceres,Valdastillas
10197,ES43,Cáceres,Valdecañas de Tajo
10198,ES43,Cáceres,Valdefuentes
10199,ES43,Cáceres,Valdehúncar
10200,ES43,Cáceres,Valdelacasa de Tajo
10201,ES43,Cáceres,Valdemorales
10202,ES43,Cáceres,Valdeobispo
10203,ES43,Cáceres,Valencia de Alcántara
10204,ES43,Cáceres,Valverde de la Vera
10205,ES43,Cáceres,Valverde del Fresno
10902,ES43,Cáceres,Vegaviana
10206,ES43,Cáceres,Viandar de la Vera
10207,ES43,Cáceres,Villa del Campo
10208,ES43,Cáceres,Villa del Rey
10209,ES43,Cáceres,Villamesías
10210,ES43,Cáceres,Villamiel
10211,ES43,Cáceres,Villanueva de la Sierra
10212,ES43,Cáceres,Villanueva de la Vera
10214,ES43,Cáceres,Villar de Plasencia
10213,ES43,Cáceres,Villar del Pedroso
10215,ES43,Cáceres,Villasbuenas de Gata
10216,ES43,Cáceres,Zarza de Granadilla
10217,ES43,Cáceres,Zarza de Montánchez
10218,ES43,Cáceres,Zarza la Mayor
10219,ES43,Cáceres,Zorita
11001,ES61,Cádiz,Alcalá de los Gazules
11002,ES61,Cádiz,Alcalá del Valle
11003,ES61,Cádiz,Algar
11004,ES61,Cádiz,Algeciras
11005,ES61,Cádiz,Algodonales
11006,ES61,Cádiz,Arcos de la Frontera
11007,ES61,Cádiz,Barbate
11008,ES61,Cádiz,"Barrios, Los"
11901,ES61,Cádiz,Benalup-Casas Viejas
11009,ES61,Cádiz,Benaocaz
11010,ES61,Cádiz,Bornos
11011,ES61,Cádiz,"Bosque, El"
11012,ES61,Cádiz,Cádiz
11013,ES61,Cádiz,Castellar de la Frontera
11015,ES61,Cádiz,Chiclana de la Frontera
11016,ES61,Cádiz,Chipiona
11014,ES61,Cádiz,Conil de la Frontera
11017,ES61,Cádiz,Espera
11018,ES61,Cádiz,"Gastor, El"
11019,ES61,Cádiz,Grazalema
11020,ES61,Cádiz,Jerez de la Frontera
11021,ES61,Cádiz,Jimena de la Frontera
11022,ES61,Cádiz,"Línea de la Concepción, La"
11023,ES61,Cádiz,Medina Sidonia
11024,ES61,Cádiz,Olvera
11025,ES61,Cádiz,Paterna de Rivera
11026,ES61,Cádiz,Prado del Rey
11027,ES61,Cádiz,"Puerto de Santa María, El"
11028,ES61,Cádiz,Puerto Real
11029,ES61,Cádiz,Puerto Serrano
11030,ES61,Cádiz,Rota
11031,ES61,Cádiz,San Fernando
11902,ES61,Cádiz,San José del Valle
11903,ES61,Cádiz,San Martín del Tesorillo
11033,ES61,Cádiz,San Roque
11032,ES61,Cádiz,Sanlúcar de Barrameda
11034,ES61,Cádiz,Setenil de las Bodegas
11035,ES61,Cádiz,Tarifa
11036,ES61,Cádiz,Torre Alháquime
11037,ES61,Cádiz,Trebujena
11038,ES61,Cádiz,Ubrique
11039,ES61,Cádiz,Vejer de la Frontera
11040,ES61,Cádiz,Villaluenga del Rosario
11041,ES61,Cádiz,Villamartín
11042,ES61,Cádiz,Zahara
12002,ES52,Castellón/Castelló,Aín
12003,ES52,Castellón/Castelló,Albocàsser
12004,ES52,Castellón/Castelló,Alcalà de Xivert
12005,ES52,Castellón/Castelló,"Alcora, l'"
12006,ES52,Castellón/Castelló,Alcudia de Veo
12007,ES52,Castellón/Castelló,Alfondeguilla
12008,ES52,Castellón/Castelló,Algimia de Almonacid
12009,ES52,Castellón/Castelló,Almassora
12010,ES52,Castellón/Castelló,Almedíjar
12011,ES52,Castellón/Castelló,Almenara
12901,ES52,Castellón/Castelló,"Alqueries, les/Alquerías del Niño Perdido"
12012,ES52,Castellón/Castelló,Altura
12013,ES52,Castellón/Castelló,Arañuel
12014,ES52,Castellón/Castelló,Ares del Maestrat
12015,ES52,Castellón/Castelló,Argelita
12016,ES52,Castellón/Castelló,Artana
12001,ES52,Castellón/Castelló,Atzeneta del Maestrat
12017,ES52,Castellón/Castelló,Ayódar
12018,ES52,Castellón/Castelló,Azuébar
12020,ES52,Castellón/Castelló,Barracas
12022,ES52,Castellón/Castelló,Bejís
12024,ES52,Castellón/Castelló,Benafer
12025,ES52,Castellón/Castelló,Benafigos
12026,ES52,Castellón/Castelló,Benassal
12027,ES52,Castellón/Castelló,Benicarló
12028,ES52,Castellón/Castelló,Benicàssim/Benicasim
12029,ES52,Castellón/Castelló,Benlloc
12021,ES52,Castellón/Castelló,Betxí
12032,ES52,Castellón/Castelló,Borriana/Burriana
12031,ES52,Castellón/Castelló,Borriol
12033,ES52,Castellón/Castelló,Cabanes
12034,ES52,Castellón/Castelló,Càlig
12036,ES52,Castellón/Castelló,Canet lo Roig
12037,ES52,Castellón/Castelló,Castell de Cabres
12038,ES52,Castellón/Castelló,Castellfort
12039,ES52,Castellón/Castelló,Castellnovo
12040,ES52,Castellón/Castelló,Castelló de la Plana/Castellón de la Plana
12041,ES52,Castellón/Castelló,Castillo de Villamalefa
12042,ES52,Castellón/Castelló,Catí
12043,ES52,Castellón/Castelló,Caudiel
12044,ES52,Castellón/Castelló,Cervera del Maestre
12053,ES52,Castellón/Castelló,Chilches/Xilxes
12056,ES52,Castellón/Castelló,Chóvar
12045,ES52,Castellón/Castelló,Cinctorres
12046,ES52,Castellón/Castelló,Cirat
12048,ES52,Castellón/Castelló,Cortes de Arenoso
12049,ES52,Castellón/Castelló,Costur
12050,ES52,Castellón/Castelló,"Coves de Vinromà, les"
12051,ES52,Castellón/Castelló,Culla
12057,ES52,Castellón/Castelló,Eslida
12058,ES52,Castellón/Castelló,Espadilla
12059,ES52,Castellón/Castelló,Fanzara
12060,ES52,Castellón/Castelló,Figueroles
12061,ES52,Castellón/Castelló,Forcall
12063,ES52,Castellón/Castelló,Fuente la Reina
12064,ES52,Castellón/Castelló,Fuentes de Ayódar
12065,ES52,Castellón/Castelló,Gaibiel
12067,ES52,Castellón/Castelló,Geldo
12068,ES52,Castellón/Castelló,Herbers
12069,ES52,Castellón/Castelló,Higueras
12070,ES52,Castellón/Castelló,"Jana, la"
12071,ES52,Castellón/Castelló,Jérica
12074,ES52,Castellón/Castelló,"Llosa, la"
12072,ES52,Castellón/Castelló,Llucena/Lucena del Cid
12073,ES52,Castellón/Castelló,Ludiente
12075,ES52,Castellón/Castelló,"Mata de Morella, la"
12076,ES52,Castellón/Castelló,Matet
12077,ES52,Castellón/Castelló,Moncofa
12078,ES52,Castellón/Castelló,Montán
12079,ES52,Castellón/Castelló,Montanejos
12080,ES52,Castellón/Castelló,Morella
12081,ES52,Castellón/Castelló,Navajas
12082,ES52,Castellón/Castelló,Nules
12083,ES52,Castellón/Castelló,Olocau del Rey
12084,ES52,Castellón/Castelló,Onda
12085,ES52,Castellón/Castelló,Orpesa/Oropesa del Mar
12087,ES52,Castellón/Castelló,Palanques
12088,ES52,Castellón/Castelló,Pavías
12089,ES52,Castellón/Castelló,Peníscola/Peñíscola
12090,ES52,Castellón/Castelló,Pina de Montalgrao
12093,ES52,Castellón/Castelló,"Pobla de Benifassà, la"
12094,ES52,Castellón/Castelló,"Pobla Tornesa, la"
12091,ES52,Castellón/Castelló,Portell de Morella
12092,ES52,Castellón/Castelló,Puebla de Arenoso
12095,ES52,Castellón/Castelló,Ribesalbes
12096,ES52,Castellón/Castelló,Rossell
12097,ES52,Castellón/Castelló,Sacañet
12098,ES52,Castellón/Castelló,"Salzadella, la"
12101,ES52,Castellón/Castelló,San Rafael del Río
12902,ES52,Castellón/Castelló,Sant Joan de Moró
12099,ES52,Castellón/Castelló,Sant Jordi/San Jorge
12100,ES52,Castellón/Castelló,Sant Mateu
12102,ES52,Castellón/Castelló,Santa Magdalena de Pulpis
12104,ES52,Castellón/Castelló,Segorbe
12103,ES52,Castellón/Castelló,"Serratella, la"
12105,ES52,Castellón/Castelló,Sierra Engarcerán
12106,ES52,Castellón/Castelló,Soneja
12107,ES52,Castellón/Castelló,Sot de Ferrer
12108,ES52,Castellón/Castelló,Suera/Sueras
12109,ES52,Castellón/Castelló,Tales
12110,ES52,Castellón/Castelló,Teresa
12111,ES52,Castellón/Castelló,Tírig
12112,ES52,Castellón/Castelló,Todolella
12113,ES52,Castellón/Castelló,Toga
12114,ES52,Castellón/Castelló,Torás
12115,ES52,Castellón/Castelló,"Toro, El"
12116,ES52,Castellón/Castelló,Torralba del Pinar
12119,ES52,Castellón/Castelló,"Torre d'en Besora, la"
12120,ES52,Castellón/Castelló,"Torre d'en Doménec, la"
12117,ES52,Castellón/Castelló,Torreblanca
12118,ES52,Castellón/Castelló,Torrechiva
12121,ES52,Castellón/Castelló,Traiguera
12122,ES52,Castellón/Castelló,"Useres, les/Useras"
12124,ES52,Castellón/Castelló,Vall d'Alba
12125,ES52,Castellón/Castelló,Vall de Almonacid
12126,ES52,Castellón/Castelló,"Vall d'Uixó, la"
12123,ES52,Castellón/Castelló,Vallat
12127,ES52,Castellón/Castelló,Vallibona
12128,ES52,Castellón/Castelló,Vilafamés
12129,ES52,Castellón/Castelló,Vilafranca/Villafranca del Cid
12132,ES52,Castellón/Castelló,Vilanova d'Alcolea
12134,ES52,Castellón/Castelló,Vilar de Canes
12135,ES52,Castellón/Castelló,Vila-real
12136,ES52,Castellón/Castelló,"Vilavella, la"
12130,ES52,Castellón/Castelló,Villahermosa del Río
12131,ES52,Castellón/Castelló,Villamalur
12133,ES52,Castellón/Castelló,Villanueva de Viver
12137,ES52,Castellón/Castelló,Villores
12138,ES52,Castellón/Castelló,Vinaròs
12139,ES52,Castellón/Castelló,Vistabella del Maestrat
12140,ES52,Castellón/Castelló,Viver
12052,ES52,Castellón/Castelló,Xert
12055,ES52,Castellón/Castelló,Xodos/Chodos
12141,ES52,Castellón/Castelló,Zorita del Maestrazgo
12142,ES52,Castellón/Castelló,Zucaina
13001,ES42,Ciudad Real,Abenójar
13002,ES42,Ciudad Real,Agudo
13003,ES42,Ciudad Real,Alamillo
13004,ES42,Ciudad Real,Albaladejo
13005,ES42,Ciudad Real,Alcázar de San Juan
13006,ES42,Ciudad Real,Alcoba
13007,ES42,Ciudad Real,Alcolea de Calatrava
13008,ES42,Ciudad Real,Alcubillas
13009,ES42,Ciudad Real,Aldea del Rey
13010,ES42,Ciudad Real,Alhambra
13011,ES42,Ciudad Real,Almadén
13012,ES42,Ciudad Real,Almadenejos
13013,ES42,Ciudad Real,Almagro
13014,ES42,Ciudad Real,Almedina
13015,ES42,Ciudad Real,Almodóvar del Campo
13016,ES42,Ciudad Real,Almuradiel
13017,ES42,Ciudad Real,Anchuras
13903,ES42,Ciudad Real,Arenales de San Gregorio
13018,ES42,Ciudad Real,Arenas de San Juan
13019,ES42,Ciudad Real,Argamasilla de Alba
13020,ES42,Ciudad Real,Argamasilla de Calatrava
13021,ES42,Ciudad Real,Arroba de los Montes
13022,ES42,Ciudad Real,Ballesteros de Calatrava
13023,ES42,Ciudad Real,Bolaños de Calatrava
13024,ES42,Ciudad Real,Brazatortas
13025,ES42,Ciudad Real,Cabezarados
13026,ES42,Ciudad Real,Cabezarrubias del Puerto
13027,ES42,Ciudad Real,Calzada de Calatrava
13028,ES42,Ciudad Real,Campo de Criptana
13029,ES42,Ciudad Real,Cañada de Calatrava
13030,ES42,Ciudad Real,Caracuel de Calatrava
13031,ES42,Ciudad Real,Carrión de Calatrava
13032,ES42,Ciudad Real,Carrizosa
13033,ES42,Ciudad Real,Castellar de Santiago
13038,ES42,Ciudad Real,Chillón
13034,ES42,Ciudad Real,Ciudad Real
13035,ES42,Ciudad Real,Corral de Calatrava
13036,ES42,Ciudad Real,"Cortijos, Los"
13037,ES42,Ciudad Real,Cózar
13039,ES42,Ciudad Real,Daimiel
13040,ES42,Ciudad Real,Fernán Caballero
13041,ES42,Ciudad Real,Fontanarejo
13042,ES42,Ciudad Real,Fuencaliente
13043,ES42,Ciudad Real,Fuenllana
13044,ES42,Ciudad Real,Fuente el Fresno
13045,ES42,Ciudad Real,Granátula de Calatrava
13046,ES42,Ciudad Real,Guadalmez
13047,ES42,Ciudad Real,Herencia
13048,ES42,Ciudad Real,Hinojosas de Calatrava
13049,ES42,Ciudad Real,Horcajo de los Montes
13050,ES42,Ciudad Real,"Labores, Las"
13904,ES42,Ciudad Real,Llanos del Caudillo
13051,ES42,Ciudad Real,Luciana
13052,ES42,Ciudad Real,Malagón
13053,ES42,Ciudad Real,Manzanares
13054,ES42,Ciudad Real,Membrilla
13055,ES42,Ciudad Real,Mestanza
13056,ES42,Ciudad Real,Miguelturra
13057,ES42,Ciudad Real,Montiel
13058,ES42,Ciudad Real,Moral de Calatrava
13059,ES42,Ciudad Real,Navalpino
13060,ES42,Ciudad Real,Navas de Estena
13061,ES42,Ciudad Real,Pedro Muñoz
13062,ES42,Ciudad Real,Picón
13063,ES42,Ciudad Real,Piedrabuena
13064,ES42,Ciudad Real,Poblete
13065,ES42,Ciudad Real,Porzuna
13066,ES42,Ciudad Real,Pozuelo de Calatrava
13067,ES42,Ciudad Real,"Pozuelos de Calatrava, Los"
13068,ES42,Ciudad Real,Puebla de Don Rodrigo
13069,ES42,Ciudad Real,Puebla del Príncipe
13070,ES42,Ciudad Real,Puerto Lápice
13071,ES42,Ciudad Real,Puertollano
13072,ES42,Ciudad Real,Retuerta del Bullaque
13901,ES42,Ciudad Real,"Robledo, El"
13902,ES42,Ciudad Real,Ruidera
13073,ES42,Ciudad Real,Saceruela
13074,ES42,Ciudad Real,San Carlos del Valle
13075,ES42,Ciudad Real,San Lorenzo de Calatrava
13076,ES42,Ciudad Real,Santa Cruz de los Cáñamos
13077,ES42,Ciudad Real,Santa Cruz de Mudela
13078,ES42,Ciudad Real,Socuéllamos
13080,ES42,Ciudad Real,Solana del Pino
13079,ES42,Ciudad Real,"Solana, La"
13081,ES42,Ciudad Real,Terrinches
13082,ES42,Ciudad Real,Tomelloso
13083,ES42,Ciudad Real,Torralba de Calatrava
13084,ES42,Ciudad Real,Torre de Juan Abad
13085,ES42,Ciudad Real,Torrenueva
13086,ES42,Ciudad Real,Valdemanco del Esteras
13087,ES42,Ciudad Real,Valdepeñas
13088,ES42,Ciudad Real,Valenzuela de Calatrava
13089,ES42,Ciudad Real,Villahermosa
13090,ES42,Ciudad Real,Villamanrique
13091,ES42,Ciudad Real,Villamayor de Calatrava
13092,ES42,Ciudad Real,Villanueva de la Fuente
13093,ES42,Ciudad Real,Villanueva de los Infantes
13094,ES42,Ciudad Real,Villanueva de San Carlos
13095,ES42,Ciudad Real,Villar del Pozo
13096,ES42,Ciudad Real,Villarrubia de los Ojos
13097,ES42,Ciudad Real,Villarta de San Juan
13098,ES42,Ciudad Real,Viso del Marqués
14001,ES61,Córdoba,Adamuz
14002,ES61,Córdoba,Aguilar de la Frontera
14003,ES61,Córdoba,Alcaracejos
14004,ES61,Córdoba,Almedinilla
14005,ES61,Córdoba,Almodóvar del Río
14006,ES61,Córdoba,Añora
14007,ES61,Córdoba,Baena
14008,ES61,Córdoba,Belalcázar
14009,ES61,Córdoba,Belmez
14010,ES61,Córdoba,Benamejí
14011,ES61,Córdoba,"Blázquez, Los"
14012,ES61,Córdoba,Bujalance
14013,ES61,Córdoba,Cabra
14014,ES61,Córdoba,Cañete de las Torres
14015,ES61,Córdoba,Carcabuey
14016,ES61,Córdoba,Cardeña
14017,ES61,Córdoba,"Carlota, La"
14018,ES61,Córdoba,"Carpio, El"
14019,ES61,Córdoba,Castro del Río
14020,ES61,Córdoba,Conquista
14021,ES61,Córdoba,Córdoba
14022,ES61,Córdoba,Doña Mencía
14023,ES61,Córdoba,Dos Torres
14024,ES61,Córdoba,Encinas Reales
14025,ES61,Córdoba,Espejo
14026,ES61,Córdoba,Espiel
14027,ES61,Córdoba,Fernán-Núñez
14901,ES61,Córdoba,Fuente Carreteros
14028,ES61,Córdoba,Fuente la Lancha
14029,ES61,Córdoba,Fuente Obejuna
14030,ES61,Córdoba,Fuente Palmera
14031,ES61,Córdoba,Fuente-Tójar
14032,ES61,Córdoba,"Granjuela, La"
14033,ES61,Córdoba,Guadalcázar
14902,ES61,Córdoba,"Guijarrosa, La"
14034,ES61,Córdoba,"Guijo, El"
14035,ES61,Córdoba,Hinojosa del Duque
14036,ES61,Córdoba,Hornachuelos
14037,ES61,Córdoba,Iznájar
14038,ES61,Córdoba,Lucena
14039,ES61,Córdoba,Luque
14040,ES61,Córdoba,Montalbán de Córdoba
14041,ES61,Córdoba,Montemayor
14042,ES61,Córdoba,Montilla
14043,ES61,Córdoba,Montoro
14044,ES61,Córdoba,Monturque
14045,ES61,Córdoba,Moriles
14046,ES61,Córdoba,Nueva Carteya
14047,ES61,Córdoba,Obejo
14048,ES61,Córdoba,Palenciana
14049,ES61,Córdoba,Palma del Río
14050,ES61,Córdoba,Pedro Abad
14051,ES61,Córdoba,Pedroche
14052,ES61,Córdoba,Peñarroya-Pueblonuevo
14053,ES61,Córdoba,Posadas
14054,ES61,Córdoba,Pozoblanco
14055,ES61,Córdoba,Priego de Córdoba
14056,ES61,Córdoba,Puente Genil
14057,ES61,Córdoba,"Rambla, La"
14058,ES61,Córdoba,Rute
14059,ES61,Córdoba,San Sebastián de los Ballesteros
14061,ES61,Córdoba,Santa Eufemia
14060,ES61,Córdoba,Santaella
14062,ES61,Córdoba,Torrecampo
14063,ES61,Córdoba,Valenzuela
14064,ES61,Córdoba,Valsequillo
14065,ES61,Córdoba,"Victoria, La"
14066,ES61,Córdoba,Villa del Río
14067,ES61,Córdoba,Villafranca de Córdoba
14068,ES61,Córdoba,Villaharta
14069,ES61,Córdoba,Villanueva de Córdoba
14070,ES61,Córdoba,Villanueva del Duque
14071,ES61,Córdoba,Villanueva del Rey
14072,ES61,Córdoba,Villaralto
14073,ES61,Córdoba,Villaviciosa de Córdoba
14074,ES61,Córdoba,"Viso, El"
14075,ES61,Córdoba,Zuheros
15001,ES11,A Coruña,Abegondo
15002,ES11,A Coruña,Ames
15003,ES11,A Coruña,Aranga
15004,ES11,A Coruña,Ares
15005,ES11,A Coruña,Arteixo
15006,ES11,A Coruña,Arzúa
15007,ES11,A Coruña,"Baña, A"
15008,ES11,A Coruña,Bergondo
15009,ES11,A Coruña,Betanzos
15010,ES11,A Coruña,Boimorto
15011,ES11,A Coruña,Boiro
15012,ES11,A Coruña,Boqueixón
15013,ES11,A Coruña,Brión
15014,ES11,A Coruña,Cabana de Bergantiños
15015,ES11,A Coruña,Cabanas
15016,ES11,A Coruña,Camariñas
15017,ES11,A Coruña,Cambre
15018,ES11,A Coruña,"Capela, A"
15019,ES11,A Coruña,Carballo
15901,ES11,A Coruña,Cariño
15020,ES11,A Coruña,Carnota
15021,ES11,A Coruña,Carral
15022,ES11,A Coruña,Cedeira
15023,ES11,A Coruña,Cee
15024,ES11,A Coruña,Cerceda
15025,ES11,A Coruña,Cerdido
15027,ES11,A Coruña,Coirós
15028,ES11,A Coruña,Corcubión
15029,ES11,A Coruña,Coristanco
15030,ES11,A Coruña,"Coruña, A"
15031,ES11,A Coruña,Culleredo
15032,ES11,A Coruña,Curtis
15033,ES11,A Coruña,Dodro
15034,ES11,A Coruña,Dumbría
15035,ES11,A Coruña,Fene
15036,ES11,A Coruña,Ferrol
15037,ES11,A Coruña,Fisterra
15038,ES11,A Coruña,Frades
15039,ES11,A Coruña,Irixoa
15041,ES11,A Coruña,"Laracha, A"
15040,ES11,A Coruña,Laxe
15042,ES11,A Coruña,Lousame
15043,ES11,A Coruña,Malpica de Bergantiños
15044,ES11,A Coruña,Mañón
15045,ES11,A Coruña,Mazaricos
15046,ES11,A Coruña,Melide
15047,ES11,A Coruña,Mesía
15048,ES11,A Coruña,Miño
15049,ES11,A Coruña,Moeche
15050,ES11,A Coruña,Monfero
15051,ES11,A Coruña,Mugardos
15053,ES11,A Coruña,Muros
15052,ES11,A Coruña,Muxía
15054,ES11,A Coruña,Narón
15055,ES11,A Coruña,Neda
15056,ES11,A Coruña,Negreira
15057,ES11,A Coruña,Noia
15058,ES11,A Coruña,Oleiros
15059,ES11,A Coruña,Ordes
15060,ES11,A Coruña,Oroso
15061,ES11,A Coruña,Ortigueira
15062,ES11,A Coruña,Outes
15902,ES11,A Coruña,Oza-Cesuras
15064,ES11,A Coruña,Paderne
15065,ES11,A Coruña,Padrón
15066,ES11,A Coruña,"Pino, O"
15067,ES11,A Coruña,"Pobra do Caramiñal, A"
15068,ES11,A Coruña,Ponteceso
15069,ES11,A Coruña,Pontedeume
15070,ES11,A Coruña,"Pontes de García Rodríguez, As"
15071,ES11,A Coruña,Porto do Son
15072,ES11,A Coruña,Rianxo
15073,ES11,A Coruña,Ribeira
15074,ES11,A Coruña,Rois
15075,ES11,A Coruña,Sada
15076,ES11,A Coruña,San Sadurniño
15077,ES11,A Coruña,Santa Comba
15078,ES11,A Coruña,Santiago de Compostela
15079,ES11,A Coruña,Santiso
15080,ES11,A Coruña,Sobrado
15081,ES11,A Coruña,"Somozas, As"
15082,ES11,A Coruña,Teo
15083,ES11,A Coruña,Toques
15084,ES11,A Coruña,Tordoia
15085,ES11,A Coruña,Touro
15086,ES11,A Coruña,Trazo
15088,ES11,A Coruña,Val do Dubra
15087,ES11,A Coruña,Valdoviño
15089,ES11,A Coruña,Vedra
15091,ES11,A Coruña,Vilarmaior
15090,ES11,A Coruña,Vilasantar
15092,ES11,A Coruña,Vimianzo
15093,ES11,A Coruña,Zas
16001,ES42,Cuenca,Abia de la Obispalía
16002,ES42,Cuenca,"Acebrón, El"
16003,ES42,Cuenca,Alarcón
16004,ES42,Cuenca,Albaladejo del Cuende
16005,ES42,Cuenca,Albalate de las Nogueras
16006,ES42,Cuenca,Albendea
16007,ES42,Cuenca,"Alberca de Záncara, La"
16008,ES42,Cuenca,Alcalá de la Vega
16009,ES42,Cuenca,Alcantud
16010,ES42,Cuenca,Alcázar del Rey
16011,ES42,Cuenca,Alcohujate
16012,ES42,Cuenca,Alconchel de la Estrella
16013,ES42,Cuenca,Algarra
16014,ES42,Cuenca,Aliaguilla
16015,ES42,Cuenca,"Almarcha, La"
16016,ES42,Cuenca,Almendros
16017,ES42,Cuenca,Almodóvar del Pinar
16018,ES42,Cuenca,Almonacid del Marquesado
16019,ES42,Cuenca,Altarejos
16020,ES42,Cuenca,Arandilla del Arroyo
16905,ES42,Cuenca,Arcas
16022,ES42,Cuenca,Arcos de la Sierra
16024,ES42,Cuenca,Arguisuelas
16025,ES42,Cuenca,Arrancacepas
16026,ES42,Cuenca,Atalaya del Cañavate
16027,ES42,Cuenca,Barajas de Melo
16029,ES42,Cuenca,Barchín del Hoyo
16030,ES42,Cuenca,Bascuñana de San Pedro
16031,ES42,Cuenca,Beamud
16032,ES42,Cuenca,Belinchón
16033,ES42,Cuenca,Belmonte
16034,ES42,Cuenca,Belmontejo
16035,ES42,Cuenca,Beteta
16036,ES42,Cuenca,Boniches
16038,ES42,Cuenca,Buciegas
16039,ES42,Cuenca,Buenache de Alarcón
16040,ES42,Cuenca,Buenache de la Sierra
16041,ES42,Cuenca,Buendía
16042,ES42,Cuenca,Campillo de Altobuey
16043,ES42,Cuenca,Campillos-Paravientos
16044,ES42,Cuenca,Campillos-Sierra
16901,ES42,Cuenca,Campos del Paraíso
16045,ES42,Cuenca,Canalejas del Arroyo
16046,ES42,Cuenca,Cañada del Hoyo
16047,ES42,Cuenca,Cañada Juncosa
16048,ES42,Cuenca,Cañamares
16049,ES42,Cuenca,"Cañavate, El"
16050,ES42,Cuenca,Cañaveras
16051,ES42,Cuenca,Cañaveruelas
16052,ES42,Cuenca,Cañete
16053,ES42,Cuenca,Cañizares
16055,ES42,Cuenca,Carboneras de Guadazaón
16056,ES42,Cuenca,Cardenete
16057,ES42,Cuenca,Carrascosa
16058,ES42,Cuenca,Carrascosa de Haro
16060,ES42,Cuenca,Casas de Benítez
16061,ES42,Cuenca,Casas de Fernando Alonso
16062,ES42,Cuenca,Casas de Garcimolina
16063,ES42,Cuenca,Casas de Guijarro
16064,ES42,Cuenca,Casas de Haro
16065,ES42,Cuenca,Casas de los Pinos
16066,ES42,Cuenca,Casasimarro
16067,ES42,Cuenca,Castejón
16068,ES42,Cuenca,Castillejo de Iniesta
16070,ES42,Cuenca,Castillejo-Sierra
16072,ES42,Cuenca,Castillo de Garcimuñoz
16071,ES42,Cuenca,Castillo-Albaráñez
16073,ES42,Cuenca,Cervera del Llano
16023,ES42,Cuenca,Chillarón de Cuenca
16081,ES42,Cuenca,Chumillas
16074,ES42,Cuenca,"Cierva, La"
16078,ES42,Cuenca,Cuenca
16079,ES42,Cuenca,Cueva del Hierro
16082,ES42,Cuenca,Enguídanos
16083,ES42,Cuenca,Fresneda de Altarejos
16084,ES42,Cuenca,Fresneda de la Sierra
16085,ES42,Cuenca,"Frontera, La"
16086,ES42,Cuenca,Fuente de Pedro Naharro
16087,ES42,Cuenca,Fuentelespino de Haro
16088,ES42,Cuenca,Fuentelespino de Moya
16904,ES42,Cuenca,Fuentenava de Jábaga
16089,ES42,Cuenca,Fuentes
16091,ES42,Cuenca,Fuertescusa
16092,ES42,Cuenca,Gabaldón
16093,ES42,Cuenca,Garaballa
16094,ES42,Cuenca,Gascueña
16095,ES42,Cuenca,Graja de Campalbo
16096,ES42,Cuenca,Graja de Iniesta
16097,ES42,Cuenca,Henarejos
16098,ES42,Cuenca,"Herrumblar, El"
16099,ES42,Cuenca,"Hinojosa, La"
16100,ES42,Cuenca,"Hinojosos, Los"
16101,ES42,Cuenca,"Hito, El"
16102,ES42,Cuenca,Honrubia
16103,ES42,Cuenca,Hontanaya
16104,ES42,Cuenca,Hontecillas
16106,ES42,Cuenca,Horcajo de Santiago
16107,ES42,Cuenca,Huélamo
16108,ES42,Cuenca,Huelves
16109,ES42,Cuenca,Huérguina
16110,ES42,Cuenca,Huerta de la Obispalía
16111,ES42,Cuenca,Huerta del Marquesado
16112,ES42,Cuenca,Huete
16113,ES42,Cuenca,Iniesta
16115,ES42,Cuenca,Laguna del Marquesado
16116,ES42,Cuenca,Lagunaseca
16117,ES42,Cuenca,Landete
16118,ES42,Cuenca,Ledaña
16119,ES42,Cuenca,Leganiel
16121,ES42,Cuenca,"Majadas, Las"
16122,ES42,Cuenca,Mariana
16123,ES42,Cuenca,Masegosa
16124,ES42,Cuenca,"Mesas, Las"
16125,ES42,Cuenca,Minglanilla
16126,ES42,Cuenca,Mira
16128,ES42,Cuenca,Monreal del Llano
16129,ES42,Cuenca,Montalbanejo
16130,ES42,Cuenca,Montalbo
16131,ES42,Cuenca,Monteagudo de las Salinas
16132,ES42,Cuenca,Mota de Altarejos
16133,ES42,Cuenca,Mota del Cuervo
16134,ES42,Cuenca,Motilla del Palancar
16135,ES42,Cuenca,Moya
16137,ES42,Cuenca,Narboneta
16139,ES42,Cuenca,Olivares de Júcar
16140,ES42,Cuenca,Olmeda de la Cuesta
16141,ES42,Cuenca,Olmeda del Rey
16142,ES42,Cuenca,Olmedilla de Alarcón
16143,ES42,Cuenca,Olmedilla de Eliz
16145,ES42,Cuenca,Osa de la Vega
16146,ES42,Cuenca,Pajarón
16147,ES42,Cuenca,Pajaroncillo
16148,ES42,Cuenca,Palomares del Campo
16149,ES42,Cuenca,Palomera
16150,ES42,Cuenca,Paracuellos
16151,ES42,Cuenca,Paredes
16152,ES42,Cuenca,"Parra de las Vegas, La"
16153,ES42,Cuenca,"Pedernoso, El"
16154,ES42,Cuenca,"Pedroñeras, Las"
16155,ES42,Cuenca,"Peral, El"
16156,ES42,Cuenca,"Peraleja, La"
16157,ES42,Cuenca,"Pesquera, La"
16158,ES42,Cuenca,"Picazo, El"
16159,ES42,Cuenca,Pinarejo
16160,ES42,Cuenca,Pineda de Gigüela
16161,ES42,Cuenca,Piqueras del Castillo
16162,ES42,Cuenca,Portalrubio de Guadamejud
16163,ES42,Cuenca,Portilla
16165,ES42,Cuenca,Poyatos
16166,ES42,Cuenca,Pozoamargo
16908,ES42,Cuenca,Pozorrubielos de la Mancha
16167,ES42,Cuenca,Pozorrubio de Santiago
16169,ES42,Cuenca,"Pozuelo, El"
16170,ES42,Cuenca,Priego
16171,ES42,Cuenca,"Provencio, El"
16172,ES42,Cuenca,Puebla de Almenara
16174,ES42,Cuenca,Puebla del Salvador
16175,ES42,Cuenca,Quintanar del Rey
16176,ES42,Cuenca,Rada de Haro
16177,ES42,Cuenca,Reíllo
16181,ES42,Cuenca,Rozalén del Monte
16185,ES42,Cuenca,Saceda-Trasierra
16186,ES42,Cuenca,Saelices
16187,ES42,Cuenca,Salinas del Manzano
16188,ES42,Cuenca,Salmeroncillos
16189,ES42,Cuenca,Salvacañete
16190,ES42,Cuenca,San Clemente
16191,ES42,Cuenca,San Lorenzo de la Parrilla
16192,ES42,Cuenca,San Martín de Boniches
16193,ES42,Cuenca,San Pedro Palmiches
16194,ES42,Cuenca,Santa Cruz de Moya
16196,ES42,Cuenca,Santa María de los Llanos
16195,ES42,Cuenca,Santa María del Campo Rus
16197,ES42,Cuenca,Santa María del Val
16198,ES42,Cuenca,Sisante
16199,ES42,Cuenca,Solera de Gabaldón
16909,ES42,Cuenca,Sotorribas
16202,ES42,Cuenca,Talayuelas
16203,ES42,Cuenca,Tarancón
16204,ES42,Cuenca,Tébar
16205,ES42,Cuenca,Tejadillos
16206,ES42,Cuenca,Tinajas
16209,ES42,Cuenca,Torralba
16211,ES42,Cuenca,Torrejoncillo del Rey
16212,ES42,Cuenca,Torrubia del Campo
16213,ES42,Cuenca,Torrubia del Castillo
16215,ES42,Cuenca,Tragacete
16216,ES42,Cuenca,Tresjuncos
16217,ES42,Cuenca,Tribaldos
16218,ES42,Cuenca,Uclés
16219,ES42,Cuenca,Uña
16906,ES42,Cuenca,"Valdecolmenas, Los"
16224,ES42,Cuenca,Valdemeca
16225,ES42,Cuenca,Valdemorillo de la Sierra
16227,ES42,Cuenca,Valdemoro-Sierra
16228,ES42,Cuenca,Valdeolivas
16902,ES42,Cuenca,Valdetórtola
16903,ES42,Cuenca,"Valeras, Las"
16231,ES42,Cuenca,Valhermoso de la Fuente
16173,ES42,Cuenca,"Valle de Altomira, El"
16234,ES42,Cuenca,Valsalobre
16236,ES42,Cuenca,Valverde de Júcar
16237,ES42,Cuenca,Valverdejo
16238,ES42,Cuenca,Vara de Rey
16239,ES42,Cuenca,Vega del Codorno
16240,ES42,Cuenca,Vellisca
16242,ES42,Cuenca,Villaconejos de Trabaque
16243,ES42,Cuenca,Villaescusa de Haro
16244,ES42,Cuenca,Villagarcía del Llano
16245,ES42,Cuenca,Villalba de la Sierra
16246,ES42,Cuenca,Villalba del Rey
16247,ES42,Cuenca,Villalgordo del Marquesado
16248,ES42,Cuenca,Villalpardo
16249,ES42,Cuenca,Villamayor de Santiago
16250,ES42,Cuenca,Villanueva de Guadamejud
16251,ES42,Cuenca,Villanueva de la Jara
16253,ES42,Cuenca,Villar de Cañas
16254,ES42,Cuenca,Villar de Domingo García
16255,ES42,Cuenca,Villar de la Encina
16263,ES42,Cuenca,Villar de Olalla
16258,ES42,Cuenca,Villar del Humo
16259,ES42,Cuenca,Villar del Infantado
16910,ES42,Cuenca,Villar y Velasco
16264,ES42,Cuenca,Villarejo de Fuentes
16265,ES42,Cuenca,Villarejo de la Peñuela
16266,ES42,Cuenca,Villarejo-Periesteban
16269,ES42,Cuenca,Villares del Saz
16270,ES42,Cuenca,Villarrubio
16271,ES42,Cuenca,Villarta
16272,ES42,Cuenca,Villas de la Ventosa
16273,ES42,Cuenca,Villaverde y Pasaconsol
16274,ES42,Cuenca,Víllora
16275,ES42,Cuenca,Vindel
16276,ES42,Cuenca,Yémeda
16277,ES42,Cuenca,Zafra de Záncara
16278,ES42,Cuenca,Zafrilla
16279,ES42,Cuenca,Zarza de Tajo
16280,ES42,Cuenca,Zarzuela
17001,ES51,Girona,Agullana
17002,ES51,Girona,Aiguaviva
17003,ES51,Girona,Albanyà
17004,ES51,Girona,Albons
17006,ES51,Girona,Alp
17007,ES51,Girona,Amer
17008,ES51,Girona,Anglès
17009,ES51,Girona,Arbúcies
17010,ES51,Girona,Argelaguer
17011,ES51,Girona,"Armentera, L'"
17012,ES51,Girona,Avinyonet de Puigventós
17015,ES51,Girona,Banyoles
17016,ES51,Girona,Bàscara
17013,ES51,Girona,Begur
17018,ES51,Girona,Bellcaire d'Empordà
17019,ES51,Girona,Besalú
17020,ES51,Girona,Bescanó
17021,ES51,Girona,Beuda
17022,ES51,Girona,"Bisbal d'Empordà, La"
17234,ES51,Girona,Biure
17023,ES51,Girona,Blanes
17029,ES51,Girona,Boadella i les Escaules
17024,ES51,Girona,Bolvir
17025,ES51,Girona,Bordils
17026,ES51,Girona,Borrassà
17027,ES51,Girona,Breda
17028,ES51,Girona,Brunyola i Sant Martí Sapresa
17031,ES51,Girona,Cabanelles
17030,ES51,Girona,Cabanes
17032,ES51,Girona,Cadaqués
17033,ES51,Girona,Caldes de Malavella
17034,ES51,Girona,Calonge i Sant Antoni
17035,ES51,Girona,Camós
17036,ES51,Girona,Campdevànol
17037,ES51,Girona,Campelles
17038,ES51,Girona,Campllong
17039,ES51,Girona,Camprodon
17040,ES51,Girona,Canet d'Adri
17041,ES51,Girona,Cantallops
17042,ES51,Girona,Capmany
17044,ES51,Girona,Cassà de la Selva
17048,ES51,Girona,"Castell d'Aro, Platja d'Aro i s'Agaró"
17046,ES51,Girona,Castellfollit de la Roca
17047,ES51,Girona,Castelló d'Empúries
17189,ES51,Girona,"Cellera de Ter, La"
17049,ES51,Girona,Celrà
17050,ES51,Girona,Cervià de Ter
17051,ES51,Girona,Cistella
17054,ES51,Girona,Colera
17055,ES51,Girona,Colomers
17057,ES51,Girona,Corçà
17056,ES51,Girona,Cornellà del Terri
17058,ES51,Girona,Crespià
17901,ES51,Girona,"Cruïlles, Monells i Sant Sadurní de l'Heura"
17060,ES51,Girona,Darnius
17061,ES51,Girona,Das
17062,ES51,Girona,"Escala, L'"
17063,ES51,Girona,Espinelves
17064,ES51,Girona,Espolla
17065,ES51,Girona,Esponellà
17005,ES51,Girona,"Far d'Empordà, El"
17066,ES51,Girona,Figueres
17067,ES51,Girona,Flaçà
17068,ES51,Girona,Foixà
17069,ES51,Girona,Fontanals de Cerdanya
17070,ES51,Girona,Fontanilles
17071,ES51,Girona,Fontcoberta
17902,ES51,Girona,Forallac
17073,ES51,Girona,Fornells de la Selva
17074,ES51,Girona,Fortià
17075,ES51,Girona,Garrigàs
17076,ES51,Girona,Garrigoles
17077,ES51,Girona,Garriguella
17078,ES51,Girona,Ger
17079,ES51,Girona,Girona
17080,ES51,Girona,Gombrèn
17081,ES51,Girona,Gualta
17082,ES51,Girona,Guils de Cerdanya
17083,ES51,Girona,Hostalric
17084,ES51,Girona,Isòvol
17085,ES51,Girona,Jafre
17086,ES51,Girona,"Jonquera, La"
17087,ES51,Girona,Juià
17088,ES51,Girona,Lladó
17089,ES51,Girona,Llagostera
17090,ES51,Girona,Llambilles
17091,ES51,Girona,Llanars
17092,ES51,Girona,Llançà
17093,ES51,Girona,Llers
17094,ES51,Girona,Llívia
17095,ES51,Girona,Lloret de Mar
17096,ES51,Girona,"Llosses, Les"
17102,ES51,Girona,Maçanet de Cabrenys
17103,ES51,Girona,Maçanet de la Selva
17097,ES51,Girona,Madremanya
17098,ES51,Girona,Maià de Montcal
17100,ES51,Girona,Masarac i Vilarnadal
17101,ES51,Girona,Massanes
17099,ES51,Girona,Meranges
17105,ES51,Girona,Mieres
17106,ES51,Girona,Mollet de Peralada
17107,ES51,Girona,Molló
17109,ES51,Girona,Montagut i Oix
17110,ES51,Girona,Mont-ras
17111,ES51,Girona,Navata
17112,ES51,Girona,Ogassa
17114,ES51,Girona,Olot
17115,ES51,Girona,Ordis
17116,ES51,Girona,Osor
17117,ES51,Girona,Palafrugell
17118,ES51,Girona,Palamós
17119,ES51,Girona,Palau de Santa Eulàlia
17121,ES51,Girona,Palau-sator
17120,ES51,Girona,Palau-saverdera
17123,ES51,Girona,Palol de Revardit
17124,ES51,Girona,Pals
17125,ES51,Girona,Pardines
17126,ES51,Girona,Parlavà
17128,ES51,Girona,Pau
17129,ES51,Girona,Pedret i Marzà
17130,ES51,Girona,"Pera, La"
17132,ES51,Girona,Peralada
17133,ES51,Girona,"Planes d'Hostoles, Les"
17134,ES51,Girona,Planoles
17135,ES51,Girona,Pont de Molins
17136,ES51,Girona,Pontós
17137,ES51,Girona,Porqueres
17140,ES51,Girona,"Port de la Selva, El"
17138,ES51,Girona,Portbou
17139,ES51,Girona,"Preses, Les"
17141,ES51,Girona,Puigcerdà
17142,ES51,Girona,Quart
17043,ES51,Girona,Queralbs
17143,ES51,Girona,Rabós
17144,ES51,Girona,Regencós
17145,ES51,Girona,Ribes de Freser
17146,ES51,Girona,Riells i Viabrea
17147,ES51,Girona,Ripoll
17148,ES51,Girona,Riudarenes
17149,ES51,Girona,Riudaura
17150,ES51,Girona,Riudellots de la Selva
17151,ES51,Girona,Riumors
17152,ES51,Girona,Roses
17153,ES51,Girona,Rupià
17154,ES51,Girona,Sales de Llierca
17155,ES51,Girona,Salt
17157,ES51,Girona,Sant Andreu Salou
17183,ES51,Girona,Sant Aniol de Finestres
17158,ES51,Girona,Sant Climent Sescebes
17159,ES51,Girona,Sant Feliu de Buixalleu
17160,ES51,Girona,Sant Feliu de Guíxols
17161,ES51,Girona,Sant Feliu de Pallerols
17162,ES51,Girona,Sant Ferriol
17163,ES51,Girona,Sant Gregori
17164,ES51,Girona,Sant Hilari Sacalm
17165,ES51,Girona,Sant Jaume de Llierca
17167,ES51,Girona,Sant Joan de les Abadesses
17168,ES51,Girona,Sant Joan de Mollet
17185,ES51,Girona,Sant Joan les Fonts
17166,ES51,Girona,Sant Jordi Desvalls
17169,ES51,Girona,Sant Julià de Ramis
17903,ES51,Girona,Sant Julià del Llor i Bonmatí
17171,ES51,Girona,Sant Llorenç de la Muga
17172,ES51,Girona,Sant Martí de Llémena
17173,ES51,Girona,Sant Martí Vell
17174,ES51,Girona,Sant Miquel de Campmajor
17175,ES51,Girona,Sant Miquel de Fluvià
17176,ES51,Girona,Sant Mori
17177,ES51,Girona,Sant Pau de Segúries
17178,ES51,Girona,Sant Pere Pescador
17180,ES51,Girona,Santa Coloma de Farners
17181,ES51,Girona,Santa Cristina d'Aro
17182,ES51,Girona,Santa Llogaia d'Àlguema
17184,ES51,Girona,Santa Pau
17186,ES51,Girona,Sarrià de Ter
17187,ES51,Girona,"Saus, Camallera i Llampaies"
17188,ES51,Girona,"Selva de Mar, La"
17190,ES51,Girona,Serinyà
17191,ES51,Girona,Serra de Daró
17192,ES51,Girona,Setcases
17193,ES51,Girona,Sils
17052,ES51,Girona,Siurana
17194,ES51,Girona,Susqueda
17195,ES51,Girona,"Tallada d'Empordà, La"
17196,ES51,Girona,Terrades
17197,ES51,Girona,Torrent
17198,ES51,Girona,Torroella de Fluvià
17199,ES51,Girona,Torroella de Montgrí
17200,ES51,Girona,Tortellà
17201,ES51,Girona,Toses
17202,ES51,Girona,Tossa de Mar
17204,ES51,Girona,Ullà
17205,ES51,Girona,Ullastret
17203,ES51,Girona,Ultramort
17206,ES51,Girona,Urús
17014,ES51,Girona,"Vajol, La"
17208,ES51,Girona,"Vall de Bianya, La"
17207,ES51,Girona,"Vall d'en Bas, La"
17170,ES51,Girona,Vallfogona de Ripollès
17209,ES51,Girona,Vall-llobrega
17210,ES51,Girona,Ventalló
17211,ES51,Girona,Verges
17212,ES51,Girona,Vidrà
17213,ES51,Girona,Vidreres
17214,ES51,Girona,Vilabertran
17215,ES51,Girona,Vilablareix
17217,ES51,Girona,Viladamat
17216,ES51,Girona,Viladasens
17218,ES51,Girona,Vilademuls
17220,ES51,Girona,Viladrau
17221,ES51,Girona,Vilafant
17223,ES51,Girona,Vilajuïga
17224,ES51,Girona,Vilallonga de Ter
17225,ES51,Girona,Vilamacolum
17226,ES51,Girona,Vilamalla
17227,ES51,Girona,Vilamaniscle
17228,ES51,Girona,Vilanant
17230,ES51,Girona,Vila-sacra
17222,ES51,Girona,Vilaür
17233,ES51,Girona,Vilobí d'Onyar
17232,ES51,Girona,Vilopriu
18001,ES61,Granada,Agrón
18002,ES61,Granada,Alamedilla
18003,ES61,Granada,Albolote
18004,ES61,Granada,Albondón
18005,ES61,Granada,Albuñán
18006,ES61,Granada,Albuñol
18007,ES61,Granada,Albuñuelas
18010,ES61,Granada,Aldeire
18011,ES61,Granada,Alfacar
18012,ES61,Granada,Algarinejo
18013,ES61,Granada,Alhama de Granada
18014,ES61,Granada,Alhendín
18015,ES61,Granada,Alicún de Ortega
18016,ES61,Granada,Almegíjar
18017,ES61,Granada,Almuñécar
18904,ES61,Granada,Alpujarra de la Sierra
18018,ES61,Granada,Alquife
18020,ES61,Granada,Arenas del Rey
18021,ES61,Granada,Armilla
18022,ES61,Granada,Atarfe
18023,ES61,Granada,Baza
18024,ES61,Granada,Beas de Granada
18025,ES61,Granada,Beas de Guadix
18027,ES61,Granada,Benalúa
18028,ES61,Granada,Benalúa de las Villas
18029,ES61,Granada,Benamaurel
18030,ES61,Granada,Bérchules
18032,ES61,Granada,Bubión
18033,ES61,Granada,Busquístar
18034,ES61,Granada,Cacín
18035,ES61,Granada,Cádiar
18036,ES61,Granada,Cájar
18114,ES61,Granada,"Calahorra, La"
18037,ES61,Granada,Calicasas
18038,ES61,Granada,Campotéjar
18039,ES61,Granada,Caniles
18040,ES61,Granada,Cáñar
18042,ES61,Granada,Capileira
18043,ES61,Granada,Carataunas
18044,ES61,Granada,Cástaras
18045,ES61,Granada,Castilléjar
18046,ES61,Granada,Castril
18047,ES61,Granada,Cenes de la Vega
18059,ES61,Granada,Chauchina
18061,ES61,Granada,Chimeneas
18062,ES61,Granada,Churriana de la Vega
18048,ES61,Granada,Cijuela
18049,ES61,Granada,Cogollos de Guadix
18050,ES61,Granada,Cogollos de la Vega
18051,ES61,Granada,Colomera
18053,ES61,Granada,Cortes de Baza
18054,ES61,Granada,Cortes y Graena
18912,ES61,Granada,Cuevas del Campo
18056,ES61,Granada,Cúllar
18057,ES61,Granada,Cúllar Vega
18063,ES61,Granada,Darro
18064,ES61,Granada,Dehesas de Guadix
18065,ES61,Granada,Dehesas Viejas
18066,ES61,Granada,Deifontes
18067,ES61,Granada,Diezma
18068,ES61,Granada,Dílar
18069,ES61,Granada,Dólar
18915,ES61,Granada,Domingo Pérez de Granada
18070,ES61,Granada,Dúdar
18071,ES61,Granada,Dúrcal
18072,ES61,Granada,Escúzar
18074,ES61,Granada,Ferreira
18076,ES61,Granada,Fonelas
18077,ES61,Granada,Fornes
18078,ES61,Granada,Freila
18079,ES61,Granada,Fuente Vaqueros
18905,ES61,Granada,"Gabias, Las"
18082,ES61,Granada,Galera
18083,ES61,Granada,Gobernador
18084,ES61,Granada,Gójar
18085,ES61,Granada,Gor
18086,ES61,Granada,Gorafe
18087,ES61,Granada,Granada
18088,ES61,Granada,Guadahortuna
18089,ES61,Granada,Guadix
18906,ES61,Granada,"Guájares, Los"
18093,ES61,Granada,Gualchos
18094,ES61,Granada,Güéjar Sierra
18095,ES61,Granada,Güevéjar
18096,ES61,Granada,Huélago
18097,ES61,Granada,Huéneja
18098,ES61,Granada,Huéscar
18099,ES61,Granada,Huétor de Santillán
18100,ES61,Granada,Huétor Tájar
18101,ES61,Granada,Huétor Vega
18102,ES61,Granada,Íllora
18103,ES61,Granada,Ítrabo
18105,ES61,Granada,Iznalloz
18106,ES61,Granada,Játar
18107,ES61,Granada,Jayena
18108,ES61,Granada,Jérez del Marquesado
18109,ES61,Granada,Jete
18111,ES61,Granada,Jun
18112,ES61,Granada,Juviles
18115,ES61,Granada,Láchar
18116,ES61,Granada,Lanjarón
18117,ES61,Granada,Lanteira
18119,ES61,Granada,Lecrín
18120,ES61,Granada,Lentegí
18121,ES61,Granada,Lobras
18122,ES61,Granada,Loja
18123,ES61,Granada,Lugros
18124,ES61,Granada,Lújar
18126,ES61,Granada,"Malahá, La"
18127,ES61,Granada,Maracena
18128,ES61,Granada,Marchal
18132,ES61,Granada,Moclín
18133,ES61,Granada,Molvízar
18134,ES61,Granada,Monachil
18135,ES61,Granada,Montefrío
18136,ES61,Granada,Montejícar
18137,ES61,Granada,Montillana
18138,ES61,Granada,Moraleda de Zafayona
18909,ES61,Granada,Morelábor
18140,ES61,Granada,Motril
18141,ES61,Granada,Murtas
18903,ES61,Granada,Nevada
18143,ES61,Granada,Nigüelas
18144,ES61,Granada,Nívar
18145,ES61,Granada,Ogíjares
18146,ES61,Granada,Orce
18147,ES61,Granada,Órgiva
18148,ES61,Granada,Otívar
18150,ES61,Granada,Padul
18151,ES61,Granada,Pampaneira
18152,ES61,Granada,Pedro Martínez
18153,ES61,Granada,Peligros
18154,ES61,Granada,"Peza, La"
18910,ES61,Granada,"Pinar, El"
18157,ES61,Granada,Pinos Genil
18158,ES61,Granada,Pinos Puente
18159,ES61,Granada,Píñar
18161,ES61,Granada,Polícar
18162,ES61,Granada,Polopos
18163,ES61,Granada,Pórtugos
18164,ES61,Granada,Puebla de Don Fadrique
18165,ES61,Granada,Pulianas
18167,ES61,Granada,Purullena
18168,ES61,Granada,Quéntar
18170,ES61,Granada,Rubite
18171,ES61,Granada,Salar
18173,ES61,Granada,Salobreña
18174,ES61,Granada,Santa Cruz del Comercio
18175,ES61,Granada,Santa Fe
18176,ES61,Granada,Soportújar
18177,ES61,Granada,Sorvilán
18901,ES61,Granada,"Taha, La"
18178,ES61,Granada,Torre-Cardela
18916,ES61,Granada,Torrenueva Costa
18179,ES61,Granada,Torvizcón
18180,ES61,Granada,Trevélez
18181,ES61,Granada,Turón
18182,ES61,Granada,Ugíjar
18914,ES61,Granada,Valderrubio
18907,ES61,Granada,Valle del Zalabí
18902,ES61,Granada,"Valle, El"
18183,ES61,Granada,Válor
18911,ES61,Granada,Vegas del Genil
18184,ES61,Granada,Vélez de Benaudalla
18185,ES61,Granada,Ventas de Huelma
18149,ES61,Granada,Villa de Otura
18908,ES61,Granada,Villamena
18187,ES61,Granada,Villanueva de las Torres
18188,ES61,Granada,Villanueva Mesía
18189,ES61,Granada,Víznar
18192,ES61,Granada,Zafarraya
18913,ES61,Granada,Zagra
18193,ES61,Granada,"Zubia, La"
18194,ES61,Granada,Zújar
19001,ES42,Guadalajara,Abánades
19002,ES42,Guadalajara,Ablanque
19003,ES42,Guadalajara,Adobes
19004,ES42,Guadalajara,Alaminos
19005,ES42,Guadalajara,Alarilla
19006,ES42,Guadalajara,Albalate de Zorita
19007,ES42,Guadalajara,Albares
19008,ES42,Guadalajara,Albendiego
19009,ES42,Guadalajara,Alcocer
19010,ES42,Guadalajara,Alcolea de las Peñas
19011,ES42,Guadalajara,Alcolea del Pinar
19013,ES42,Guadalajara,Alcoroches
19015,ES42,Guadalajara,Aldeanueva de Guadalajara
19016,ES42,Guadalajara,Algar de Mesa
19017,ES42,Guadalajara,Algora
19018,ES42,Guadalajara,Alhóndiga
19019,ES42,Guadalajara,Alique
19020,ES42,Guadalajara,Almadrones
19021,ES42,Guadalajara,Almoguera
19022,ES42,Guadalajara,Almonacid de Zorita
19023,ES42,Guadalajara,Alocén
19024,ES42,Guadalajara,Alovera
19027,ES42,Guadalajara,Alustante
19031,ES42,Guadalajara,Angón
19032,ES42,Guadalajara,Anguita
19033,ES42,Guadalajara,Anquela del Ducado
19034,ES42,Guadalajara,Anquela del Pedregal
19036,ES42,Guadalajara,Aranzueque
19037,ES42,Guadalajara,Arbancón
19038,ES42,Guadalajara,Arbeteta
19039,ES42,Guadalajara,Argecilla
19040,ES42,Guadalajara,Armallones
19041,ES42,Guadalajara,Armuña de Tajuña
19042,ES42,Guadalajara,Arroyo de las Fraguas
19043,ES42,Guadalajara,Atanzón
19044,ES42,Guadalajara,Atienza
19045,ES42,Guadalajara,Auñón
19046,ES42,Guadalajara,Azuqueca de Henares
19047,ES42,Guadalajara,Baides
19048,ES42,Guadalajara,Baños de Tajo
19049,ES42,Guadalajara,Bañuelos
19050,ES42,Guadalajara,Barriopedro
19051,ES42,Guadalajara,Berninches
19052,ES42,Guadalajara,"Bodera, La"
19053,ES42,Guadalajara,Brihuega
19054,ES42,Guadalajara,Budia
19055,ES42,Guadalajara,Bujalaro
19057,ES42,Guadalajara,Bustares
19058,ES42,Guadalajara,Cabanillas del Campo
19059,ES42,Guadalajara,Campillo de Dueñas
19060,ES42,Guadalajara,Campillo de Ranas
19061,ES42,Guadalajara,Campisábalos
19064,ES42,Guadalajara,Canredondo
19065,ES42,Guadalajara,Cantalojas
19066,ES42,Guadalajara,Cañizar
19067,ES42,Guadalajara,"Cardoso de la Sierra, El"
19070,ES42,Guadalajara,Casa de Uceda
19071,ES42,Guadalajara,"Casar, El"
19073,ES42,Guadalajara,Casas de San Galindo
19074,ES42,Guadalajara,Caspueñas
19075,ES42,Guadalajara,Castejón de Henares
19076,ES42,Guadalajara,Castellar de la Muela
19078,ES42,Guadalajara,Castilforte
19079,ES42,Guadalajara,Castilnuevo
19080,ES42,Guadalajara,Cendejas de Enmedio
19081,ES42,Guadalajara,Cendejas de la Torre
19082,ES42,Guadalajara,Centenera
19103,ES42,Guadalajara,Checa
19104,ES42,Guadalajara,Chequilla
19106,ES42,Guadalajara,Chillarón del Rey
19105,ES42,Guadalajara,Chiloeches
19086,ES42,Guadalajara,Cifuentes
19087,ES42,Guadalajara,Cincovillas
19088,ES42,Guadalajara,Ciruelas
19089,ES42,Guadalajara,Ciruelos del Pinar
19090,ES42,Guadalajara,Cobeta
19091,ES42,Guadalajara,Cogollor
19092,ES42,Guadalajara,Cogolludo
19095,ES42,Guadalajara,Condemios de Abajo
19096,ES42,Guadalajara,Condemios de Arriba
19097,ES42,Guadalajara,Congostrina
19098,ES42,Guadalajara,Copernal
19099,ES42,Guadalajara,Corduente
19102,ES42,Guadalajara,"Cubillo de Uceda, El"
19107,ES42,Guadalajara,Driebes
19108,ES42,Guadalajara,Durón
19109,ES42,Guadalajara,Embid
19110,ES42,Guadalajara,Escamilla
19111,ES42,Guadalajara,Escariche
19112,ES42,Guadalajara,Escopete
19113,ES42,Guadalajara,Espinosa de Henares
19114,ES42,Guadalajara,Esplegares
19115,ES42,Guadalajara,Establés
19116,ES42,Guadalajara,Estriégana
19117,ES42,Guadalajara,Fontanar
19118,ES42,Guadalajara,Fuembellida
19119,ES42,Guadalajara,Fuencemillán
19120,ES42,Guadalajara,Fuentelahiguera de Albatages
19121,ES42,Guadalajara,Fuentelencina
19122,ES42,Guadalajara,Fuentelsaz
19123,ES42,Guadalajara,Fuentelviejo
19124,ES42,Guadalajara,Fuentenovilla
19125,ES42,Guadalajara,Gajanejos
19126,ES42,Guadalajara,Galápagos
19127,ES42,Guadalajara,Galve de Sorbe
19129,ES42,Guadalajara,Gascueña de Bornova
19130,ES42,Guadalajara,Guadalajara
19132,ES42,Guadalajara,Henche
19133,ES42,Guadalajara,Heras de Ayuso
19134,ES42,Guadalajara,Herrería
19135,ES42,Guadalajara,Hiendelaencina
19136,ES42,Guadalajara,Hijes
19138,ES42,Guadalajara,Hita
19139,ES42,Guadalajara,Hombrados
19142,ES42,Guadalajara,Hontoba
19143,ES42,Guadalajara,Horche
19145,ES42,Guadalajara,Hortezuela de Océn
19146,ES42,Guadalajara,"Huerce, La"
19147,ES42,Guadalajara,Huérmeces del Cerro
19148,ES42,Guadalajara,Huertahernando
19150,ES42,Guadalajara,Hueva
19151,ES42,Guadalajara,Humanes
19152,ES42,Guadalajara,Illana
19153,ES42,Guadalajara,Iniéstola
19154,ES42,Guadalajara,"Inviernas, Las"
19155,ES42,Guadalajara,Irueste
19156,ES42,Guadalajara,Jadraque
19157,ES42,Guadalajara,Jirueque
19159,ES42,Guadalajara,Ledanca
19160,ES42,Guadalajara,Loranca de Tajuña
19161,ES42,Guadalajara,Lupiana
19162,ES42,Guadalajara,Luzaga
19163,ES42,Guadalajara,Luzón
19165,ES42,Guadalajara,Majaelrayo
19166,ES42,Guadalajara,Málaga del Fresno
19167,ES42,Guadalajara,Malaguilla
19168,ES42,Guadalajara,Mandayona
19169,ES42,Guadalajara,Mantiel
19170,ES42,Guadalajara,Maranchón
19171,ES42,Guadalajara,Marchamalo
19172,ES42,Guadalajara,Masegoso de Tajuña
19173,ES42,Guadalajara,Matarrubia
19174,ES42,Guadalajara,Matillas
19175,ES42,Guadalajara,Mazarete
19176,ES42,Guadalajara,Mazuecos
19177,ES42,Guadalajara,Medranda
19178,ES42,Guadalajara,Megina
19179,ES42,Guadalajara,Membrillera
19181,ES42,Guadalajara,Miedes de Atienza
19182,ES42,Guadalajara,"Mierla, La"
19184,ES42,Guadalajara,Millana
19183,ES42,Guadalajara,Milmarcos
19185,ES42,Guadalajara,"Miñosa, La"
19186,ES42,Guadalajara,Mirabueno
19187,ES42,Guadalajara,Miralrío
19188,ES42,Guadalajara,Mochales
19189,ES42,Guadalajara,Mohernando
19190,ES42,Guadalajara,Molina de Aragón
19191,ES42,Guadalajara,Monasterio
19192,ES42,Guadalajara,Mondéjar
19193,ES42,Guadalajara,Montarrón
19194,ES42,Guadalajara,Moratilla de los Meleros
19195,ES42,Guadalajara,Morenilla
19196,ES42,Guadalajara,Muduex
19197,ES42,Guadalajara,"Navas de Jadraque, Las"
19198,ES42,Guadalajara,Negredo
19199,ES42,Guadalajara,Ocentejo
19200,ES42,Guadalajara,"Olivar, El"
19201,ES42,Guadalajara,Olmeda de Cobeta
19202,ES42,Guadalajara,"Olmeda de Jadraque, La"
19203,ES42,Guadalajara,"Ordial, El"
19204,ES42,Guadalajara,Orea
19208,ES42,Guadalajara,Pálmaces de Jadraque
19209,ES42,Guadalajara,Pardos
19210,ES42,Guadalajara,Paredes de Sigüenza
19211,ES42,Guadalajara,Pareja
19212,ES42,Guadalajara,Pastrana
19213,ES42,Guadalajara,"Pedregal, El"
19214,ES42,Guadalajara,Peñalén
19215,ES42,Guadalajara,Peñalver
19216,ES42,Guadalajara,Peralejos de las Truchas
19217,ES42,Guadalajara,Peralveche
19218,ES42,Guadalajara,Pinilla de Jadraque
19219,ES42,Guadalajara,Pinilla de Molina
19220,ES42,Guadalajara,Pioz
19221,ES42,Guadalajara,Piqueras
19222,ES42,Guadalajara,"Pobo de Dueñas, El"
19223,ES42,Guadalajara,Poveda de la Sierra
19224,ES42,Guadalajara,Pozo de Almoguera
19225,ES42,Guadalajara,Pozo de Guadalajara
19226,ES42,Guadalajara,Prádena de Atienza
19227,ES42,Guadalajara,Prados Redondos
19228,ES42,Guadalajara,Puebla de Beleña
19229,ES42,Guadalajara,Puebla de Valles
19230,ES42,Guadalajara,Quer
19231,ES42,Guadalajara,Rebollosa de Jadraque
19232,ES42,Guadalajara,"Recuenco, El"
19233,ES42,Guadalajara,Renera
19234,ES42,Guadalajara,Retiendas
19235,ES42,Guadalajara,Riba de Saelices
19237,ES42,Guadalajara,Rillo de Gallo
19238,ES42,Guadalajara,Riofrío del Llano
19239,ES42,Guadalajara,Robledillo de Mohernando
19240,ES42,Guadalajara,Robledo de Corpes
19241,ES42,Guadalajara,Romanillos de Atienza
19242,ES42,Guadalajara,Romanones
19243,ES42,Guadalajara,Rueda de la Sierra
19244,ES42,Guadalajara,Sacecorbo
19245,ES42,Guadalajara,Sacedón
19246,ES42,Guadalajara,Saelices de la Sal
19247,ES42,Guadalajara,Salmerón
19248,ES42,Guadalajara,San Andrés del Congosto
19249,ES42,Guadalajara,San Andrés del Rey
19250,ES42,Guadalajara,Santiuste
19251,ES42,Guadalajara,Saúca
19252,ES42,Guadalajara,Sayatón
19254,ES42,Guadalajara,Selas
19901,ES42,Guadalajara,Semillas
19255,ES42,Guadalajara,Setiles
19256,ES42,Guadalajara,Sienes
19257,ES42,Guadalajara,Sigüenza
19258,ES42,Guadalajara,Solanillos del Extremo
19259,ES42,Guadalajara,Somolinos
19260,ES42,Guadalajara,"Sotillo, El"
19261,ES42,Guadalajara,Sotodosos
19262,ES42,Guadalajara,Tamajón
19263,ES42,Guadalajara,Taragudo
19264,ES42,Guadalajara,Taravilla
19265,ES42,Guadalajara,Tartanedo
19266,ES42,Guadalajara,Tendilla
19267,ES42,Guadalajara,Terzaga
19268,ES42,Guadalajara,Tierzo
19269,ES42,Guadalajara,"Toba, La"
19271,ES42,Guadalajara,Tordellego
19270,ES42,Guadalajara,Tordelrábano
19272,ES42,Guadalajara,Tordesilos
19274,ES42,Guadalajara,Torija
19279,ES42,Guadalajara,Torre del Burgo
19277,ES42,Guadalajara,Torrecuadrada de Molina
19278,ES42,Guadalajara,Torrecuadradilla
19280,ES42,Guadalajara,Torrejón del Rey
19281,ES42,Guadalajara,Torremocha de Jadraque
19282,ES42,Guadalajara,Torremocha del Campo
19283,ES42,Guadalajara,Torremocha del Pinar
19284,ES42,Guadalajara,Torremochuela
19285,ES42,Guadalajara,Torrubia
19286,ES42,Guadalajara,Tórtola de Henares
19287,ES42,Guadalajara,Tortuera
19288,ES42,Guadalajara,Tortuero
19289,ES42,Guadalajara,Traíd
19290,ES42,Guadalajara,Trijueque
19291,ES42,Guadalajara,Trillo
19293,ES42,Guadalajara,Uceda
19294,ES42,Guadalajara,Ujados
19296,ES42,Guadalajara,Utande
19297,ES42,Guadalajara,Valdarachas
19298,ES42,Guadalajara,Valdearenas
19299,ES42,Guadalajara,Valdeavellano
19300,ES42,Guadalajara,Valdeaveruelo
19301,ES42,Guadalajara,Valdeconcha
19302,ES42,Guadalajara,Valdegrudas
19303,ES42,Guadalajara,Valdelcubo
19304,ES42,Guadalajara,Valdenuño Fernández
19305,ES42,Guadalajara,Valdepeñas de la Sierra
19306,ES42,Guadalajara,Valderrebollo
19307,ES42,Guadalajara,Valdesotos
19308,ES42,Guadalajara,Valfermoso de Tajuña
19309,ES42,Guadalajara,Valhermoso
19310,ES42,Guadalajara,Valtablado del Río
19311,ES42,Guadalajara,Valverde de los Arroyos
19314,ES42,Guadalajara,Viana de Jadraque
19317,ES42,Guadalajara,Villanueva de Alcorón
19318,ES42,Guadalajara,Villanueva de Argecilla
19319,ES42,Guadalajara,Villanueva de la Torre
19321,ES42,Guadalajara,Villares de Jadraque
19322,ES42,Guadalajara,Villaseca de Henares
19323,ES42,Guadalajara,Villaseca de Uceda
19324,ES42,Guadalajara,Villel de Mesa
19325,ES42,Guadalajara,Viñuelas
19326,ES42,Guadalajara,Yebes
19327,ES42,Guadalajara,Yebra
19329,ES42,Guadalajara,Yélamos de Abajo
19330,ES42,Guadalajara,Yélamos de Arriba
19331,ES42,Guadalajara,Yunquera de Henares
19332,ES42,Guadalajara,"Yunta, La"
19333,ES42,Guadalajara,Zaorejas
19334,ES42,Guadalajara,Zarzuela de Jadraque
19335,ES42,Guadalajara,Zorita de los Canes
20001,ES21,Gipuzkoa,Abaltzisketa
20002,ES21,Gipuzkoa,Aduna
20016,ES21,Gipuzkoa,Aia
20003,ES21,Gipuzkoa,Aizarnazabal
20004,ES21,Gipuzkoa,Albiztur
20005,ES21,Gipuzkoa,Alegia
20006,ES21,Gipuzkoa,Alkiza
20906,ES21,Gipuzkoa,Altzaga
20007,ES21,Gipuzkoa,Altzo
20008,ES21,Gipuzkoa,Amezketa
20009,ES21,Gipuzkoa,Andoain
20010,ES21,Gipuzkoa,Anoeta
20011,ES21,Gipuzkoa,Antzuola
20012,ES21,Gipuzkoa,Arama
20013,ES21,Gipuzkoa,Aretxabaleta
20055,ES21,Gipuzkoa,Arrasate/Mondragón
20014,ES21,Gipuzkoa,Asteasu
20903,ES21,Gipuzkoa,Astigarraga
20015,ES21,Gipuzkoa,Ataun
20017,ES21,Gipuzkoa,Azkoitia
20018,ES21,Gipuzkoa,Azpeitia
20904,ES21,Gipuzkoa,Baliarrain
20019,ES21,Gipuzkoa,Beasain
20020,ES21,Gipuzkoa,Beizama
20021,ES21,Gipuzkoa,Belauntza
20022,ES21,Gipuzkoa,Berastegi
20074,ES21,Gipuzkoa,Bergara
20023,ES21,Gipuzkoa,Berrobi
20024,ES21,Gipuzkoa,Bidania-Goiatz
20029,ES21,Gipuzkoa,Deba
20069,ES21,Gipuzkoa,Donostia/San Sebastián
20030,ES21,Gipuzkoa,Eibar
20031,ES21,Gipuzkoa,Elduain
20033,ES21,Gipuzkoa,Elgeta
20032,ES21,Gipuzkoa,Elgoibar
20067,ES21,Gipuzkoa,Errenteria
20066,ES21,Gipuzkoa,Errezil
20034,ES21,Gipuzkoa,Eskoriatza
20035,ES21,Gipuzkoa,Ezkio-Itsaso
20038,ES21,Gipuzkoa,Gabiria
20037,ES21,Gipuzkoa,Gaintza
20907,ES21,Gipuzkoa,Gaztelu
20039,ES21,Gipuzkoa,Getaria
20040,ES21,Gipuzkoa,Hernani
20041,ES21,Gipuzkoa,Hernialde
20036,ES21,Gipuzkoa,Hondarribia
20042,ES21,Gipuzkoa,Ibarra
20043,ES21,Gipuzkoa,Idiazabal
20044,ES21,Gipuzkoa,Ikaztegieta
20045,ES21,Gipuzkoa,Irun
20046,ES21,Gipuzkoa,Irura
20047,ES21,Gipuzkoa,Itsasondo
20048,ES21,Gipuzkoa,Larraul
20902,ES21,Gipuzkoa,Lasarte-Oria
20049,ES21,Gipuzkoa,Lazkao
20050,ES21,Gipuzkoa,Leaburu
20051,ES21,Gipuzkoa,Legazpi
20052,ES21,Gipuzkoa,Legorreta
20068,ES21,Gipuzkoa,Leintz-Gatzaga
20053,ES21,Gipuzkoa,Lezo
20054,ES21,Gipuzkoa,Lizartza
20901,ES21,Gipuzkoa,Mendaro
20057,ES21,Gipuzkoa,Mutiloa
20056,ES21,Gipuzkoa,Mutriku
20063,ES21,Gipuzkoa,Oiartzun
20058,ES21,Gipuzkoa,Olaberria
20059,ES21,Gipuzkoa,Oñati
20076,ES21,Gipuzkoa,Ordizia
20905,ES21,Gipuzkoa,Orendain
20060,ES21,Gipuzkoa,Orexa
20061,ES21,Gipuzkoa,Orio
20062,ES21,Gipuzkoa,Ormaiztegi
20064,ES21,Gipuzkoa,Pasaia
20070,ES21,Gipuzkoa,Segura
20065,ES21,Gipuzkoa,Soraluze-Placencia de las Armas
20071,ES21,Gipuzkoa,Tolosa
20072,ES21,Gipuzkoa,Urnieta
20077,ES21,Gipuzkoa,Urretxu
20073,ES21,Gipuzkoa,Usurbil
20075,ES21,Gipuzkoa,Villabona
20078,ES21,Gipuzkoa,Zaldibia
20079,ES21,Gipuzkoa,Zarautz
20025,ES21,Gipuzkoa,Zegama
20026,ES21,Gipuzkoa,Zerain
20027,ES21,Gipuzkoa,Zestoa
20028,ES21,Gipuzkoa,Zizurkil
20081,ES21,Gipuzkoa,Zumaia
20080,ES21,Gipuzkoa,Zumarraga
21001,ES61,Huelva,Alájar
21002,ES61,Huelva,Aljaraque
21003,ES61,Huelva,"Almendro, El"
21004,ES61,Huelva,Almonaster la Real
21005,ES61,Huelva,Almonte
21006,ES61,Huelva,Alosno
21007,ES61,Huelva,Aracena
21008,ES61,Huelva,Aroche
21009,ES61,Huelva,Arroyomolinos de León
21010,ES61,Huelva,Ayamonte
21011,ES61,Huelva,Beas
21012,ES61,Huelva,Berrocal
21013,ES61,Huelva,Bollullos Par del Condado
21014,ES61,Huelva,Bonares
21015,ES61,Huelva,Cabezas Rubias
21016,ES61,Huelva,Cala
21017,ES61,Huelva,Calañas
21018,ES61,Huelva,"Campillo, El"
21019,ES61,Huelva,Campofrío
21020,ES61,Huelva,Cañaveral de León
21021,ES61,Huelva,Cartaya
21022,ES61,Huelva,Castaño del Robledo
21023,ES61,Huelva,"Cerro de Andévalo, El"
21030,ES61,Huelva,Chucena
21024,ES61,Huelva,Corteconcepción
21025,ES61,Huelva,Cortegana
21026,ES61,Huelva,Cortelazor
21027,ES61,Huelva,Cumbres de Enmedio
21028,ES61,Huelva,Cumbres de San Bartolomé
21029,ES61,Huelva,Cumbres Mayores
21031,ES61,Huelva,Encinasola
21032,ES61,Huelva,Escacena del Campo
21033,ES61,Huelva,Fuenteheridos
21034,ES61,Huelva,Galaroza
21035,ES61,Huelva,Gibraleón
21036,ES61,Huelva,"Granada de Río-Tinto, La"
21037,ES61,Huelva,"Granado, El"
21038,ES61,Huelva,Higuera de la Sierra
21039,ES61,Huelva,Hinojales
21040,ES61,Huelva,Hinojos
21041,ES61,Huelva,Huelva
21042,ES61,Huelva,Isla Cristina
21043,ES61,Huelva,Jabugo
21044,ES61,Huelva,Lepe
21045,ES61,Huelva,Linares de la Sierra
21046,ES61,Huelva,Lucena del Puerto
21047,ES61,Huelva,Manzanilla
21048,ES61,Huelva,"Marines, Los"
21049,ES61,Huelva,Minas de Riotinto
21050,ES61,Huelva,Moguer
21051,ES61,Huelva,"Nava, La"
21052,ES61,Huelva,Nerva
21053,ES61,Huelva,Niebla
21054,ES61,Huelva,"Palma del Condado, La"
21055,ES61,Huelva,Palos de la Frontera
21056,ES61,Huelva,Paterna del Campo
21057,ES61,Huelva,Paymogo
21058,ES61,Huelva,Puebla de Guzmán
21059,ES61,Huelva,Puerto Moral
21060,ES61,Huelva,Punta Umbría
21061,ES61,Huelva,Rociana del Condado
21062,ES61,Huelva,Rosal de la Frontera
21063,ES61,Huelva,San Bartolomé de la Torre
21064,ES61,Huelva,San Juan del Puerto
21066,ES61,Huelva,San Silvestre de Guzmán
21065,ES61,Huelva,Sanlúcar de Guadiana
21067,ES61,Huelva,Santa Ana la Real
21068,ES61,Huelva,Santa Bárbara de Casa
21069,ES61,Huelva,Santa Olalla del Cala
21070,ES61,Huelva,Trigueros
21071,ES61,Huelva,Valdelarco
21072,ES61,Huelva,Valverde del Camino
21073,ES61,Huelva,Villablanca
21074,ES61,Huelva,Villalba del Alcor
21075,ES61,Huelva,Villanueva de las Cruces
21076,ES61,Huelva,Villanueva de los Castillejos
21077,ES61,Huelva,Villarrasa
21078,ES61,Huelva,Zalamea la Real
21902,ES61,Huelva,"Zarza-Perrunal, La"
21079,ES61,Huelva,Zufre
22001,ES24,Huesca,Abiego
22002,ES24,Huesca,Abizanda
22003,ES24,Huesca,Adahuesca
22004,ES24,Huesca,Agüero
22907,ES24,Huesca,Aínsa-Sobrarbe
22006,ES24,Huesca,Aisa
22007,ES24,Huesca,Albalate de Cinca
22008,ES24,Huesca,Albalatillo
22009,ES24,Huesca,Albelda
22011,ES24,Huesca,Albero Alto
22012,ES24,Huesca,Albero Bajo
22013,ES24,Huesca,Alberuela de Tubo
22014,ES24,Huesca,Alcalá de Gurrea
22015,ES24,Huesca,Alcalá del Obispo
22016,ES24,Huesca,Alcampell
22017,ES24,Huesca,Alcolea de Cinca
22018,ES24,Huesca,Alcubierre
22019,ES24,Huesca,Alerre
22020,ES24,Huesca,Alfántega
22021,ES24,Huesca,Almudévar
22022,ES24,Huesca,Almunia de San Juan
22023,ES24,Huesca,Almuniente
22024,ES24,Huesca,Alquézar
22025,ES24,Huesca,Altorricón
22027,ES24,Huesca,Angüés
22028,ES24,Huesca,Ansó
22029,ES24,Huesca,Antillón
22032,ES24,Huesca,Aragüés del Puerto
22035,ES24,Huesca,Arén
22036,ES24,Huesca,Argavieso
22037,ES24,Huesca,Arguis
22039,ES24,Huesca,Ayerbe
22040,ES24,Huesca,Azanuy-Alins
22041,ES24,Huesca,Azara
22042,ES24,Huesca,Azlor
22043,ES24,Huesca,Baélls
22044,ES24,Huesca,Bailo
22045,ES24,Huesca,Baldellou
22046,ES24,Huesca,Ballobar
22047,ES24,Huesca,Banastás
22048,ES24,Huesca,Barbastro
22049,ES24,Huesca,Barbués
22050,ES24,Huesca,Barbuñales
22051,ES24,Huesca,Bárcabo
22052,ES24,Huesca,Belver de Cinca
22053,ES24,Huesca,Benabarre
22054,ES24,Huesca,Benasque
22246,ES24,Huesca,Beranuy
22055,ES24,Huesca,Berbegal
22057,ES24,Huesca,Bielsa
22058,ES24,Huesca,Bierge
22059,ES24,Huesca,Biescas
22060,ES24,Huesca,Binaced
22061,ES24,Huesca,Binéfar
22062,ES24,Huesca,Bisaurri
22063,ES24,Huesca,Biscarrués
22064,ES24,Huesca,Blecua y Torres
22066,ES24,Huesca,Boltaña
22067,ES24,Huesca,Bonansa
22068,ES24,Huesca,Borau
22069,ES24,Huesca,Broto
22072,ES24,Huesca,Caldearenas
22074,ES24,Huesca,Campo
22075,ES24,Huesca,Camporrélls
22076,ES24,Huesca,Canal de Berdún
22077,ES24,Huesca,Candasnos
22078,ES24,Huesca,Canfranc
22079,ES24,Huesca,Capdesaso
22080,ES24,Huesca,Capella
22081,ES24,Huesca,Casbas de Huesca
22083,ES24,Huesca,Castejón de Monegros
22084,ES24,Huesca,Castejón de Sos
22082,ES24,Huesca,Castejón del Puente
22085,ES24,Huesca,Castelflorite
22086,ES24,Huesca,Castiello de Jaca
22087,ES24,Huesca,Castigaleu
22088,ES24,Huesca,Castillazuelo
22089,ES24,Huesca,Castillonroy
22094,ES24,Huesca,Chalamera
22095,ES24,Huesca,Chía
22096,ES24,Huesca,Chimillas
22090,ES24,Huesca,Colungo
22099,ES24,Huesca,Esplús
22102,ES24,Huesca,Estada
22103,ES24,Huesca,Estadilla
22105,ES24,Huesca,Estopiñán del Castillo
22106,ES24,Huesca,Fago
22107,ES24,Huesca,Fanlo
22109,ES24,Huesca,Fiscal
22110,ES24,Huesca,Fonz
22111,ES24,Huesca,Foradada del Toscar
22112,ES24,Huesca,Fraga
22113,ES24,Huesca,"Fueva, La"
22114,ES24,Huesca,Gistaín
22115,ES24,Huesca,"Grado, El"
22116,ES24,Huesca,Grañén
22117,ES24,Huesca,Graus
22119,ES24,Huesca,Gurrea de Gállego
22122,ES24,Huesca,Hoz de Jaca
22908,ES24,Huesca,Hoz y Costean
22124,ES24,Huesca,Huerto
22125,ES24,Huesca,Huesca
22126,ES24,Huesca,Ibieca
22127,ES24,Huesca,Igriés
22128,ES24,Huesca,Ilche
22129,ES24,Huesca,Isábena
22130,ES24,Huesca,Jaca
22131,ES24,Huesca,Jasa
22133,ES24,Huesca,Labuerda
22135,ES24,Huesca,Laluenga
22136,ES24,Huesca,Lalueza
22137,ES24,Huesca,Lanaja
22139,ES24,Huesca,Laperdiguera
22141,ES24,Huesca,Lascellas-Ponzano
22142,ES24,Huesca,Lascuarre
22143,ES24,Huesca,Laspaúles
22144,ES24,Huesca,Laspuña
22149,ES24,Huesca,Loarre
22150,ES24,Huesca,Loporzano
22151,ES24,Huesca,Loscorrales
22905,ES24,Huesca,Lupiñén-Ortilla
22155,ES24,Huesca,Monesma y Cajigar
22156,ES24,Huesca,Monflorite-Lascasas
22157,ES24,Huesca,Montanuy
22158,ES24,Huesca,Monzón
22160,ES24,Huesca,Naval
22162,ES24,Huesca,Novales
22163,ES24,Huesca,Nueno
22164,ES24,Huesca,Olvena
22165,ES24,Huesca,Ontiñena
22167,ES24,Huesca,Osso de Cinca
22168,ES24,Huesca,Palo
22170,ES24,Huesca,Panticosa
22172,ES24,Huesca,Peñalba
22173,ES24,Huesca,"Peñas de Riglos, Las"
22174,ES24,Huesca,Peralta de Alcofea
22175,ES24,Huesca,Peralta de Calasanz
22176,ES24,Huesca,Peraltilla
22177,ES24,Huesca,Perarrúa
22178,ES24,Huesca,Pertusa
22181,ES24,Huesca,Piracés
22182,ES24,Huesca,Plan
22184,ES24,Huesca,Poleñino
22186,ES24,Huesca,Pozán de Vero
22187,ES24,Huesca,"Puebla de Castro, La"
22188,ES24,Huesca,Puente de Montañana
22902,ES24,Huesca,Puente la Reina de Jaca
22189,ES24,Huesca,Puértolas
22190,ES24,Huesca,"Pueyo de Araguás, El"
22193,ES24,Huesca,Pueyo de Santa Cruz
22195,ES24,Huesca,Quicena
22197,ES24,Huesca,Robres
22199,ES24,Huesca,Sabiñánigo
22200,ES24,Huesca,Sahún
22201,ES24,Huesca,Salas Altas
22202,ES24,Huesca,Salas Bajas
22203,ES24,Huesca,Salillas
22204,ES24,Huesca,Sallent de Gállego
22205,ES24,Huesca,San Esteban de Litera
22207,ES24,Huesca,San Juan de Plan
22903,ES24,Huesca,San Miguel del Cinca
22206,ES24,Huesca,Sangarrén
22208,ES24,Huesca,Santa Cilia
22209,ES24,Huesca,Santa Cruz de la Serós
22906,ES24,Huesca,Santa María de Dulcis
22212,ES24,Huesca,Santaliestra y San Quílez
22213,ES24,Huesca,Sariñena
22214,ES24,Huesca,Secastilla
22215,ES24,Huesca,Seira
22217,ES24,Huesca,Sena
22218,ES24,Huesca,Senés de Alcubierre
22220,ES24,Huesca,Sesa
22221,ES24,Huesca,Sesué
22222,ES24,Huesca,Siétamo
22223,ES24,Huesca,Sopeira
22904,ES24,Huesca,"Sotonera, La"
22225,ES24,Huesca,Tamarite de Litera
22226,ES24,Huesca,Tardienta
22227,ES24,Huesca,Tella-Sin
22228,ES24,Huesca,Tierz
22229,ES24,Huesca,Tolva
22230,ES24,Huesca,Torla-Ordesa
22232,ES24,Huesca,Torralba de Aragón
22233,ES24,Huesca,Torre la Ribera
22234,ES24,Huesca,Torrente de Cinca
22235,ES24,Huesca,Torres de Alcanadre
22236,ES24,Huesca,Torres de Barbués
22239,ES24,Huesca,Tramaced
22242,ES24,Huesca,Valfarta
22243,ES24,Huesca,Valle de Bardají
22901,ES24,Huesca,Valle de Hecho
22244,ES24,Huesca,Valle de Lierp
22245,ES24,Huesca,Velilla de Cinca
22909,ES24,Huesca,Vencillón
22247,ES24,Huesca,Viacamp y Litera
22248,ES24,Huesca,Vicién
22249,ES24,Huesca,Villanova
22250,ES24,Huesca,Villanúa
22251,ES24,Huesca,Villanueva de Sigena
22252,ES24,Huesca,Yebra de Basa
22253,ES24,Huesca,Yésero
22254,ES24,Huesca,Zaidín
23001,ES61,Jaén,Albanchez de Mágina
23002,ES61,Jaén,Alcalá la Real
23003,ES61,Jaén,Alcaudete
23004,ES61,Jaén,Aldeaquemada
23005,ES61,Jaén,Andújar
23006,ES61,Jaén,Arjona
23007,ES61,Jaén,Arjonilla
23008,ES61,Jaén,Arquillos
23905,ES61,Jaén,Arroyo del Ojanco
23009,ES61,Jaén,Baeza
23010,ES61,Jaén,Bailén
23011,ES61,Jaén,Baños de la Encina
23012,ES61,Jaén,Beas de Segura
23902,ES61,Jaén,Bedmar y Garcíez
23014,ES61,Jaén,Begíjar
23015,ES61,Jaén,Bélmez de la Moraleda
23016,ES61,Jaén,Benatae
23017,ES61,Jaén,Cabra del Santo Cristo
23018,ES61,Jaén,Cambil
23019,ES61,Jaén,Campillo de Arenas
23020,ES61,Jaén,Canena
23021,ES61,Jaén,Carboneros
23901,ES61,Jaén,Cárcheles
23024,ES61,Jaén,"Carolina, La"
23025,ES61,Jaén,Castellar
23026,ES61,Jaén,Castillo de Locubín
23027,ES61,Jaén,Cazalilla
23028,ES61,Jaén,Cazorla
23029,ES61,Jaén,Chiclana de Segura
23030,ES61,Jaén,Chilluévar
23031,ES61,Jaén,Escañuela
23032,ES61,Jaén,Espeluy
23033,ES61,Jaén,Frailes
23034,ES61,Jaén,Fuensanta de Martos
23035,ES61,Jaén,Fuerte del Rey
23037,ES61,Jaén,Génave
23038,ES61,Jaén,"Guardia de Jaén, La"
23039,ES61,Jaén,Guarromán
23041,ES61,Jaén,Higuera de Calatrava
23042,ES61,Jaén,Hinojares
23043,ES61,Jaén,Hornos
23044,ES61,Jaén,Huelma
23045,ES61,Jaén,Huesa
23046,ES61,Jaén,Ibros
23047,ES61,Jaén,"Iruela, La"
23048,ES61,Jaén,Iznatoraf
23049,ES61,Jaén,Jabalquinto
23050,ES61,Jaén,Jaén
23051,ES61,Jaén,Jamilena
23052,ES61,Jaén,Jimena
23053,ES61,Jaén,Jódar
23040,ES61,Jaén,Lahiguera
23054,ES61,Jaén,Larva
23055,ES61,Jaén,Linares
23056,ES61,Jaén,Lopera
23057,ES61,Jaén,Lupión
23058,ES61,Jaén,Mancha Real
23059,ES61,Jaén,Marmolejo
23060,ES61,Jaén,Martos
23061,ES61,Jaén,Mengíbar
23062,ES61,Jaén,Montizón
23063,ES61,Jaén,Navas de San Juan
23064,ES61,Jaén,Noalejo
23065,ES61,Jaén,Orcera
23066,ES61,Jaén,Peal de Becerro
23067,ES61,Jaén,Pegalajar
23069,ES61,Jaén,Porcuna
23070,ES61,Jaén,Pozo Alcón
23071,ES61,Jaén,Puente de Génave
23072,ES61,Jaén,"Puerta de Segura, La"
23073,ES61,Jaén,Quesada
23074,ES61,Jaén,Rus
23075,ES61,Jaén,Sabiote
23076,ES61,Jaén,Santa Elena
23077,ES61,Jaén,Santiago de Calatrava
23904,ES61,Jaén,Santiago-Pontones
23079,ES61,Jaén,Santisteban del Puerto
23080,ES61,Jaén,Santo Tomé
23081,ES61,Jaén,Segura de la Sierra
23082,ES61,Jaén,Siles
23084,ES61,Jaén,Sorihuela del Guadalimar
23085,ES61,Jaén,Torreblascopedro
23086,ES61,Jaén,Torredelcampo
23087,ES61,Jaén,Torredonjimeno
23088,ES61,Jaén,Torreperogil
23090,ES61,Jaén,Torres
23091,ES61,Jaén,Torres de Albánchez
23092,ES61,Jaén,Úbeda
23093,ES61,Jaén,Valdepeñas de Jaén
23094,ES61,Jaén,Vilches
23095,ES61,Jaén,Villacarrillo
23096,ES61,Jaén,Villanueva de la Reina
23097,ES61,Jaén,Villanueva del Arzobispo
23098,ES61,Jaén,Villardompardo
23099,ES61,Jaén,"Villares, Los"
23101,ES61,Jaén,Villarrodrigo
23903,ES61,Jaén,Villatorres
24001,ES41,León,Acebedo
24002,ES41,León,Algadefe
24003,ES41,León,Alija del Infantado
24004,ES41,León,Almanza
24005,ES41,León,"Antigua, La"
24006,ES41,León,Ardón
24007,ES41,León,Arganza
24008,ES41,León,Astorga
24009,ES41,León,Balboa
24010,ES41,León,"Bañeza, La"
24011,ES41,León,Barjas
24012,ES41,León,"Barrios de Luna, Los"
24014,ES41,León,Bembibre
24015,ES41,León,Benavides
24016,ES41,León,Benuza
24017,ES41,León,Bercianos del Páramo
24018,ES41,León,Bercianos del Real Camino
24019,ES41,León,Berlanga del Bierzo
24020,ES41,León,Boca de Huérgano
24021,ES41,León,Boñar
24022,ES41,León,Borrenes
24023,ES41,León,Brazuelo
24024,ES41,León,"Burgo Ranero, El"
24025,ES41,León,Burón
24026,ES41,León,Bustillo del Páramo
24027,ES41,León,Cabañas Raras
24028,ES41,León,Cabreros del Río
24029,ES41,León,Cabrillanes
24030,ES41,León,Cacabelos
24031,ES41,León,Calzada del Coto
24032,ES41,León,Campazas
24033,ES41,León,Campo de Villavidel
24034,ES41,León,Camponaraya
24037,ES41,León,Cármenes
24038,ES41,León,Carracedelo
24039,ES41,León,Carrizo
24040,ES41,León,Carrocera
24041,ES41,León,Carucedo
24042,ES41,León,Castilfalé
24043,ES41,León,Castrillo de Cabrera
24044,ES41,León,Castrillo de la Valduerna
24046,ES41,León,Castrocalbón
24047,ES41,León,Castrocontrigo
24049,ES41,León,Castropodame
24050,ES41,León,Castrotierra de Valmadrigal
24051,ES41,León,Cea
24052,ES41,León,Cebanico
24053,ES41,León,Cebrones del Río
24065,ES41,León,Chozas de Abajo
24054,ES41,León,Cimanes de la Vega
24055,ES41,León,Cimanes del Tejar
24056,ES41,León,Cistierna
24057,ES41,León,Congosto
24058,ES41,León,Corbillos de los Oteros
24059,ES41,León,Corullón
24060,ES41,León,Crémenes
24061,ES41,León,Cuadros
24062,ES41,León,Cubillas de los Oteros
24063,ES41,León,Cubillas de Rueda
24064,ES41,León,Cubillos del Sil
24066,ES41,León,Destriana
24067,ES41,León,Encinedo
24068,ES41,León,"Ercina, La"
24069,ES41,León,Escobar de Campos
24070,ES41,León,Fabero
24071,ES41,León,Folgoso de la Ribera
24073,ES41,León,Fresno de la Vega
24074,ES41,León,Fuentes de Carbajal
24076,ES41,León,Garrafe de Torío
24077,ES41,León,Gordaliza del Pino
24078,ES41,León,Gordoncillo
24079,ES41,León,Gradefes
24080,ES41,León,Grajal de Campos
24081,ES41,León,Gusendos de los Oteros
24082,ES41,León,Hospital de Órbigo
24083,ES41,León,Igüeña
24084,ES41,León,Izagre
24086,ES41,León,Joarilla de las Matas
24087,ES41,León,Laguna Dalga
24088,ES41,León,Laguna de Negrillos
24089,ES41,León,León
24092,ES41,León,Llamas de la Ribera
24090,ES41,León,Lucillo
24091,ES41,León,Luyego
24093,ES41,León,Magaz de Cepeda
24094,ES41,León,Mansilla de las Mulas
24095,ES41,León,Mansilla Mayor
24096,ES41,León,Maraña
24097,ES41,León,Matadeón de los Oteros
24098,ES41,León,Matallana de Torío
24099,ES41,León,Matanza
24100,ES41,León,Molinaseca
24101,ES41,León,Murias de Paredes
24102,ES41,León,Noceda del Bierzo
24103,ES41,León,Oencia
24104,ES41,León,"Omañas, Las"
24105,ES41,León,Onzonilla
24106,ES41,León,Oseja de Sajambre
24107,ES41,León,Pajares de los Oteros
24108,ES41,León,Palacios de la Valduerna
24109,ES41,León,Palacios del Sil
24110,ES41,León,Páramo del Sil
24112,ES41,León,Peranzanes
24113,ES41,León,Pobladura de Pelayo García
24114,ES41,León,"Pola de Gordón, La"
24115,ES41,León,Ponferrada
24116,ES41,León,Posada de Valdeón
24117,ES41,León,Pozuelo del Páramo
24118,ES41,León,Prado de la Guzpeña
24119,ES41,León,Priaranza del Bierzo
24120,ES41,León,Prioro
24121,ES41,León,Puebla de Lillo
24122,ES41,León,Puente de Domingo Flórez
24123,ES41,León,Quintana del Castillo
24124,ES41,León,Quintana del Marco
24125,ES41,León,Quintana y Congosto
24127,ES41,León,Regueras de Arriba
24129,ES41,León,Reyero
24130,ES41,León,Riaño
24131,ES41,León,Riego de la Vega
24132,ES41,León,Riello
24133,ES41,León,Rioseco de Tapia
24134,ES41,León,"Robla, La"
24136,ES41,León,Roperuelos del Páramo
24137,ES41,León,Sabero
24139,ES41,León,Sahagún
24141,ES41,León,San Adrián del Valle
24142,ES41,León,San Andrés del Rabanedo
24144,ES41,León,San Cristóbal de la Polantera
24145,ES41,León,San Emiliano
24146,ES41,León,San Esteban de Nogales
24148,ES41,León,San Justo de la Vega
24149,ES41,León,San Millán de los Caballeros
24150,ES41,León,San Pedro Bercianos
24143,ES41,León,Sancedo
24151,ES41,León,Santa Colomba de Curueño
24152,ES41,León,Santa Colomba de Somoza
24153,ES41,León,Santa Cristina de Valmadrigal
24154,ES41,León,Santa Elena de Jamuz
24155,ES41,León,Santa María de la Isla
24158,ES41,León,Santa María de Ordás
24156,ES41,León,Santa María del Monte de Cea
24157,ES41,León,Santa María del Páramo
24159,ES41,León,Santa Marina del Rey
24160,ES41,León,Santas Martas
24161,ES41,León,Santiago Millas
24162,ES41,León,Santovenia de la Valdoncina
24163,ES41,León,Sariegos
24164,ES41,León,Sena de Luna
24165,ES41,León,Sobrado
24166,ES41,León,Soto de la Vega
24167,ES41,León,Soto y Amío
24168,ES41,León,Toral de los Guzmanes
24206,ES41,León,Toral de los Vados
24169,ES41,León,Toreno
24170,ES41,León,Torre del Bierzo
24171,ES41,León,Trabadelo
24172,ES41,León,Truchas
24173,ES41,León,Turcia
24174,ES41,León,Urdiales del Páramo
24185,ES41,León,Val de San Lorenzo
24175,ES41,León,Valdefresno
24176,ES41,León,Valdefuentes del Páramo
24177,ES41,León,Valdelugueros
24178,ES41,León,Valdemora
24179,ES41,León,Valdepiélago
24180,ES41,León,Valdepolo
24181,ES41,León,Valderas
24182,ES41,León,Valderrey
24183,ES41,León,Valderrueda
24184,ES41,León,Valdesamario
24187,ES41,León,Valdevimbre
24188,ES41,León,Valencia de Don Juan
24036,ES41,León,Valle de Ancares
24191,ES41,León,Vallecillo
24189,ES41,León,Valverde de la Virgen
24190,ES41,León,Valverde-Enrique
24193,ES41,León,"Vecilla, La"
24196,ES41,León,Vega de Espinareda
24197,ES41,León,Vega de Infanzones
24198,ES41,León,Vega de Valcarce
24194,ES41,León,Vegacervera
24199,ES41,León,Vegaquemada
24201,ES41,León,Vegas del Condado
24202,ES41,León,Villablino
24203,ES41,León,Villabraz
24205,ES41,León,Villadangos del Páramo
24207,ES41,León,Villademor de la Vega
24209,ES41,León,Villafranca del Bierzo
24210,ES41,León,Villagatón
24211,ES41,León,Villamandos
24901,ES41,León,Villamanín
24212,ES41,León,Villamañán
24213,ES41,León,Villamartín de Don Sancho
24214,ES41,León,Villamejil
24215,ES41,León,Villamol
24216,ES41,León,Villamontán de la Valduerna
24217,ES41,León,Villamoratiel de las Matas
24218,ES41,León,Villanueva de las Manzanas
24219,ES41,León,Villaobispo de Otero
24902,ES41,León,Villaornate y Castro
24221,ES41,León,Villaquejida
24222,ES41,León,Villaquilambre
24223,ES41,León,Villarejo de Órbigo
24224,ES41,León,Villares de Órbigo
24225,ES41,León,Villasabariego
24226,ES41,León,Villaselán
24227,ES41,León,Villaturiel
24228,ES41,León,Villazala
24229,ES41,León,Villazanzo de Valderaduey
24230,ES41,León,Zotes del Páramo
25001,ES51,Lleida,Abella de la Conca
25002,ES51,Lleida,Àger
25003,ES51,Lleida,Agramunt
25038,ES51,Lleida,Aitona
25004,ES51,Lleida,"Alamús, Els"
25005,ES51,Lleida,Alàs i Cerc
25006,ES51,Lleida,"Albagés, L'"
25007,ES51,Lleida,Albatàrrec
25008,ES51,Lleida,Albesa
25009,ES51,Lleida,"Albi, L'"
25010,ES51,Lleida,Alcanó
25011,ES51,Lleida,Alcarràs
25012,ES51,Lleida,Alcoletge
25013,ES51,Lleida,Alfarràs
25014,ES51,Lleida,Alfés
25015,ES51,Lleida,Algerri
25016,ES51,Lleida,Alguaire
25017,ES51,Lleida,Alins
25019,ES51,Lleida,Almacelles
25020,ES51,Lleida,Almatret
25021,ES51,Lleida,Almenar
25022,ES51,Lleida,Alòs de Balaguer
25023,ES51,Lleida,Alpicat
25024,ES51,Lleida,Alt Àneu
25027,ES51,Lleida,Anglesola
25029,ES51,Lleida,Arbeca
25031,ES51,Lleida,Arres
25032,ES51,Lleida,Arsèguel
25033,ES51,Lleida,Artesa de Lleida
25034,ES51,Lleida,Artesa de Segre
25036,ES51,Lleida,Aspa
25037,ES51,Lleida,"Avellanes i Santa Linya, Les"
25039,ES51,Lleida,Baix Pallars
25040,ES51,Lleida,Balaguer
25041,ES51,Lleida,Barbens
25042,ES51,Lleida,"Baronia de Rialb, La"
25044,ES51,Lleida,Bassella
25045,ES51,Lleida,Bausen
25046,ES51,Lleida,Belianes
25170,ES51,Lleida,Bellaguarda
25047,ES51,Lleida,Bellcaire d'Urgell
25048,ES51,Lleida,Bell-lloc d'Urgell
25049,ES51,Lleida,Bellmunt d'Urgell
25050,ES51,Lleida,Bellpuig
25051,ES51,Lleida,Bellver de Cerdanya
25052,ES51,Lleida,Bellvís
25053,ES51,Lleida,Benavent de Segrià
25055,ES51,Lleida,Biosca
25057,ES51,Lleida,"Bòrdes, Es"
25058,ES51,Lleida,"Borges Blanques, Les"
25059,ES51,Lleida,Bossòst
25056,ES51,Lleida,Bovera
25060,ES51,Lleida,Cabanabona
25061,ES51,Lleida,Cabó
25062,ES51,Lleida,Camarasa
25063,ES51,Lleida,Canejan
25904,ES51,Lleida,Castell de Mur
25064,ES51,Lleida,Castellar de la Ribera
25067,ES51,Lleida,Castelldans
25068,ES51,Lleida,Castellnou de Seana
25069,ES51,Lleida,Castelló de Farfanya
25070,ES51,Lleida,Castellserà
25071,ES51,Lleida,Cava
25072,ES51,Lleida,Cervera
25073,ES51,Lleida,Cervià de les Garrigues
25074,ES51,Lleida,Ciutadilla
25075,ES51,Lleida,Clariana de Cardener
25076,ES51,Lleida,"Cogul, El"
25077,ES51,Lleida,Coll de Nargó
25163,ES51,Lleida,"Coma i la Pedra, La"
25161,ES51,Lleida,Conca de Dalt
25078,ES51,Lleida,Corbins
25079,ES51,Lleida,Cubells
25081,ES51,Lleida,"Espluga Calba, L'"
25082,ES51,Lleida,Espot
25088,ES51,Lleida,Estamariu
25085,ES51,Lleida,Estaràs
25086,ES51,Lleida,Esterri d'Àneu
25087,ES51,Lleida,Esterri de Cardós
25089,ES51,Lleida,Farrera
25908,ES51,Lleida,Fígols i Alinyà
25092,ES51,Lleida,"Floresta, La"
25093,ES51,Lleida,Fondarella
25094,ES51,Lleida,Foradada
25096,ES51,Lleida,"Fuliola, La"
25097,ES51,Lleida,Fulleda
25098,ES51,Lleida,Gavet de la Conca
25912,ES51,Lleida,Gimenells i el Pla de la Font
25099,ES51,Lleida,Golmés
25100,ES51,Lleida,Gósol
25101,ES51,Lleida,"Granadella, La"
25102,ES51,Lleida,"Granja d'Escarp, La"
25103,ES51,Lleida,Granyanella
25105,ES51,Lleida,Granyena de les Garrigues
25104,ES51,Lleida,Granyena de Segarra
25109,ES51,Lleida,Guimerà
25903,ES51,Lleida,"Guingueta d'Àneu, La"
25110,ES51,Lleida,Guissona
25111,ES51,Lleida,Guixers
25115,ES51,Lleida,Isona i Conca Dellà
25112,ES51,Lleida,Ivars de Noguera
25113,ES51,Lleida,Ivars d'Urgell
25114,ES51,Lleida,Ivorra
25910,ES51,Lleida,Josa i Tuixén
25118,ES51,Lleida,Juncosa
25119,ES51,Lleida,Juneda
25121,ES51,Lleida,Les
25122,ES51,Lleida,Linyola
25123,ES51,Lleida,Lladorre
25124,ES51,Lleida,Lladurs
25125,ES51,Lleida,Llardecans
25126,ES51,Lleida,Llavorsí
25120,ES51,Lleida,Lleida
25127,ES51,Lleida,Lles de Cerdanya
25128,ES51,Lleida,Llimiana
25129,ES51,Lleida,Llobera
25133,ES51,Lleida,Maials
25130,ES51,Lleida,Maldà
25131,ES51,Lleida,Massalcoreig
25132,ES51,Lleida,Massoteres
25134,ES51,Lleida,Menàrguens
25135,ES51,Lleida,Miralcamp
25137,ES51,Lleida,Mollerussa
25136,ES51,Lleida,"Molsosa, La"
25139,ES51,Lleida,Montellà i Martinet
25140,ES51,Lleida,Montferrer i Castellbò
25138,ES51,Lleida,Montgai
25142,ES51,Lleida,Montoliu de Lleida
25141,ES51,Lleida,Montoliu de Segarra
25143,ES51,Lleida,Montornès de Segarra
25145,ES51,Lleida,Nalec
25025,ES51,Lleida,Naut Aran
25146,ES51,Lleida,Navès
25148,ES51,Lleida,Odèn
25149,ES51,Lleida,Oliana
25150,ES51,Lleida,Oliola
25151,ES51,Lleida,Olius
25152,ES51,Lleida,"Oluges, Les"
25153,ES51,Lleida,"Omellons, Els"
25154,ES51,Lleida,"Omells de na Gaia, Els"
25155,ES51,Lleida,Organyà
25156,ES51,Lleida,Os de Balaguer
25157,ES51,Lleida,Ossó de Sió
25158,ES51,Lleida,"Palau d'Anglesola, El"
25164,ES51,Lleida,Penelles
25165,ES51,Lleida,Peramola
25166,ES51,Lleida,Pinell de Solsonès
25167,ES51,Lleida,Pinós
25911,ES51,Lleida,"Plans de Sió, Els"
25168,ES51,Lleida,"Poal, El"
25169,ES51,Lleida,"Pobla de Cérvoles, La"
25171,ES51,Lleida,"Pobla de Segur, La"
25030,ES51,Lleida,"Pont de Bar, El"
25173,ES51,Lleida,"Pont de Suert, El"
25172,ES51,Lleida,Ponts
25174,ES51,Lleida,"Portella, La"
25175,ES51,Lleida,Prats i Sansor
25176,ES51,Lleida,Preixana
25177,ES51,Lleida,Preixens
25179,ES51,Lleida,Prullans
25180,ES51,Lleida,Puiggròs
25181,ES51,Lleida,Puigverd d'Agramunt
25182,ES51,Lleida,Puigverd de Lleida
25183,ES51,Lleida,Rialp
25905,ES51,Lleida,Ribera d'Ondara
25185,ES51,Lleida,Ribera d'Urgellet
25186,ES51,Lleida,Riner
25913,ES51,Lleida,Riu de Cerdanya
25189,ES51,Lleida,Rosselló
25190,ES51,Lleida,Salàs de Pallars
25191,ES51,Lleida,Sanaüja
25196,ES51,Lleida,Sant Esteve de la Sarga
25192,ES51,Lleida,Sant Guim de Freixenet
25197,ES51,Lleida,Sant Guim de la Plana
25193,ES51,Lleida,Sant Llorenç de Morunys
25902,ES51,Lleida,Sant Martí de Riucorb
25194,ES51,Lleida,Sant Ramon
25201,ES51,Lleida,Sarroca de Bellera
25200,ES51,Lleida,Sarroca de Lleida
25202,ES51,Lleida,Senterada
25035,ES51,Lleida,"Sentiu de Sió, La"
25204,ES51,Lleida,Seròs
25203,ES51,Lleida,"Seu d'Urgell, La"
25205,ES51,Lleida,Sidamon
25206,ES51,Lleida,"Soleràs, El"
25207,ES51,Lleida,Solsona
25208,ES51,Lleida,Soriguera
25209,ES51,Lleida,Sort
25210,ES51,Lleida,Soses
25211,ES51,Lleida,Sudanell
25212,ES51,Lleida,Sunyer
25215,ES51,Lleida,Talarn
25216,ES51,Lleida,Talavera
25217,ES51,Lleida,Tàrrega
25218,ES51,Lleida,Tarrés
25219,ES51,Lleida,Tarroja de Segarra
25220,ES51,Lleida,Térmens
25221,ES51,Lleida,Tírvia
25222,ES51,Lleida,Tiurana
25223,ES51,Lleida,Torà
25224,ES51,Lleida,"Torms, Els"
25225,ES51,Lleida,Tornabous
25227,ES51,Lleida,"Torre de Cabdella, La"
25226,ES51,Lleida,Torrebesses
25228,ES51,Lleida,Torrefarrera
25907,ES51,Lleida,Torrefeta i Florejacs
25230,ES51,Lleida,Torregrossa
25231,ES51,Lleida,Torrelameu
25232,ES51,Lleida,Torres de Segre
25233,ES51,Lleida,Torre-serona
25234,ES51,Lleida,Tremp
25043,ES51,Lleida,"Vall de Boí, La"
25901,ES51,Lleida,Vall de Cardós
25238,ES51,Lleida,Vallbona de les Monges
25240,ES51,Lleida,Vallfogona de Balaguer
25906,ES51,Lleida,"Valls d'Aguilar, Les"
25239,ES51,Lleida,"Valls de Valira, Les"
25909,ES51,Lleida,"Vansa i Fórnols, La"
25242,ES51,Lleida,Verdú
25243,ES51,Lleida,Vielha e Mijaran
25244,ES51,Lleida,Vilagrassa
25245,ES51,Lleida,Vilaller
25247,ES51,Lleida,Vilamòs
25248,ES51,Lleida,Vilanova de Bellpuig
25254,ES51,Lleida,Vilanova de la Barca
25249,ES51,Lleida,Vilanova de l'Aguda
25250,ES51,Lleida,Vilanova de Meià
25251,ES51,Lleida,Vilanova de Segrià
25252,ES51,Lleida,Vila-sana
25253,ES51,Lleida,"Vilosell, El"
25255,ES51,Lleida,Vinaixa
26001,ES23,La Rioja,Ábalos
26002,ES23,La Rioja,Agoncillo
26003,ES23,La Rioja,Aguilar del Río Alhama
26004,ES23,La Rioja,Ajamil de Cameros
26005,ES23,La Rioja,Albelda de Iregua
26006,ES23,La Rioja,Alberite
26007,ES23,La Rioja,Alcanadre
26008,ES23,La Rioja,Aldeanueva de Ebro
26009,ES23,La Rioja,Alesanco
26010,ES23,La Rioja,Alesón
26011,ES23,La Rioja,Alfaro
26012,ES23,La Rioja,Almarza de Cameros
26013,ES23,La Rioja,Anguciana
26014,ES23,La Rioja,Anguiano
26015,ES23,La Rioja,Arenzana de Abajo
26016,ES23,La Rioja,Arenzana de Arriba
26017,ES23,La Rioja,Arnedillo
26018,ES23,La Rioja,Arnedo
26019,ES23,La Rioja,Arrúbal
26020,ES23,La Rioja,Ausejo
26021,ES23,La Rioja,Autol
26022,ES23,La Rioja,Azofra
26023,ES23,La Rioja,Badarán
26024,ES23,La Rioja,Bañares
26026,ES23,La Rioja,Baños de Río Tobía
26025,ES23,La Rioja,Baños de Rioja
26027,ES23,La Rioja,Berceo
26028,ES23,La Rioja,Bergasa
26029,ES23,La Rioja,Bergasillas Bajera
26030,ES23,La Rioja,Bezares
26031,ES23,La Rioja,Bobadilla
26032,ES23,La Rioja,Brieva de Cameros
26033,ES23,La Rioja,Briñas
26034,ES23,La Rioja,Briones
26035,ES23,La Rioja,Cabezón de Cameros
26036,ES23,La Rioja,Calahorra
26037,ES23,La Rioja,Camprovín
26038,ES23,La Rioja,Canales de la Sierra
26039,ES23,La Rioja,Canillas de Río Tuerto
26040,ES23,La Rioja,Cañas
26041,ES23,La Rioja,Cárdenas
26042,ES23,La Rioja,Casalarreina
26043,ES23,La Rioja,Castañares de Rioja
26044,ES23,La Rioja,Castroviejo
26045,ES23,La Rioja,Cellorigo
26046,ES23,La Rioja,Cenicero
26047,ES23,La Rioja,Cervera del Río Alhama
26048,ES23,La Rioja,Cidamón
26049,ES23,La Rioja,Cihuri
26050,ES23,La Rioja,Cirueña
26051,ES23,La Rioja,Clavijo
26052,ES23,La Rioja,Cordovín
26053,ES23,La Rioja,Corera
26054,ES23,La Rioja,Cornago
26055,ES23,La Rioja,Corporales
26056,ES23,La Rioja,Cuzcurrita de Río Tirón
26057,ES23,La Rioja,Daroca de Rioja
26058,ES23,La Rioja,Enciso
26059,ES23,La Rioja,Entrena
26060,ES23,La Rioja,Estollo
26061,ES23,La Rioja,Ezcaray
26062,ES23,La Rioja,Foncea
26063,ES23,La Rioja,Fonzaleche
26064,ES23,La Rioja,Fuenmayor
26065,ES23,La Rioja,Galbárruli
26066,ES23,La Rioja,Galilea
26067,ES23,La Rioja,Gallinero de Cameros
26068,ES23,La Rioja,Gimileo
26069,ES23,La Rioja,Grañón
26070,ES23,La Rioja,Grávalos
26071,ES23,La Rioja,Haro
26072,ES23,La Rioja,Herce
26073,ES23,La Rioja,Herramélluri
26074,ES23,La Rioja,Hervías
26075,ES23,La Rioja,Hormilla
26076,ES23,La Rioja,Hormilleja
26077,ES23,La Rioja,Hornillos de Cameros
26078,ES23,La Rioja,Hornos de Moncalvillo
26079,ES23,La Rioja,Huércanos
26080,ES23,La Rioja,Igea
26081,ES23,La Rioja,Jalón de Cameros
26082,ES23,La Rioja,Laguna de Cameros
26083,ES23,La Rioja,Lagunilla del Jubera
26084,ES23,La Rioja,Lardero
26086,ES23,La Rioja,Ledesma de la Cogolla
26087,ES23,La Rioja,Leiva
26088,ES23,La Rioja,Leza de Río Leza
26089,ES23,La Rioja,Logroño
26091,ES23,La Rioja,Lumbreras de Cameros
26092,ES23,La Rioja,Manjarrés
26093,ES23,La Rioja,Mansilla de la Sierra
26094,ES23,La Rioja,Manzanares de Rioja
26095,ES23,La Rioja,Matute
26096,ES23,La Rioja,Medrano
26098,ES23,La Rioja,Munilla
26099,ES23,La Rioja,Murillo de Río Leza
26100,ES23,La Rioja,Muro de Aguas
26101,ES23,La Rioja,Muro en Cameros
26102,ES23,La Rioja,Nájera
26103,ES23,La Rioja,Nalda
26104,ES23,La Rioja,Navajún
26105,ES23,La Rioja,Navarrete
26106,ES23,La Rioja,Nestares
26107,ES23,La Rioja,Nieva de Cameros
26109,ES23,La Rioja,Ochánduri
26108,ES23,La Rioja,Ocón
26110,ES23,La Rioja,Ojacastro
26111,ES23,La Rioja,Ollauri
26112,ES23,La Rioja,Ortigosa de Cameros
26113,ES23,La Rioja,Pazuengos
26114,ES23,La Rioja,Pedroso
26115,ES23,La Rioja,Pinillos
26117,ES23,La Rioja,Pradejón
26118,ES23,La Rioja,Pradillo
26119,ES23,La Rioja,Préjano
26120,ES23,La Rioja,Quel
26121,ES23,La Rioja,Rabanera
26122,ES23,La Rioja,"Rasillo de Cameros, El"
26123,ES23,La Rioja,"Redal, El"
26124,ES23,La Rioja,Ribafrecha
26125,ES23,La Rioja,Rincón de Soto
26126,ES23,La Rioja,Robres del Castillo
26127,ES23,La Rioja,Rodezno
26128,ES23,La Rioja,Sajazarra
26129,ES23,La Rioja,San Asensio
26130,ES23,La Rioja,San Millán de la Cogolla
26131,ES23,La Rioja,San Millán de Yécora
26132,ES23,La Rioja,San Román de Cameros
26139,ES23,La Rioja,San Torcuato
26142,ES23,La Rioja,San Vicente de la Sonsierra
26134,ES23,La Rioja,Santa Coloma
26135,ES23,La Rioja,Santa Engracia del Jubera
26136,ES23,La Rioja,Santa Eulalia Bajera
26138,ES23,La Rioja,Santo Domingo de la Calzada
26140,ES23,La Rioja,Santurde de Rioja
26141,ES23,La Rioja,Santurdejo
26143,ES23,La Rioja,Sojuela
26144,ES23,La Rioja,Sorzano
26145,ES23,La Rioja,Sotés
26146,ES23,La Rioja,Soto en Cameros
26147,ES23,La Rioja,Terroba
26148,ES23,La Rioja,Tirgo
26149,ES23,La Rioja,Tobía
26150,ES23,La Rioja,Tormantos
26153,ES23,La Rioja,Torre en Cameros
26151,ES23,La Rioja,Torrecilla en Cameros
26152,ES23,La Rioja,Torrecilla sobre Alesanco
26154,ES23,La Rioja,Torremontalbo
26155,ES23,La Rioja,Treviana
26157,ES23,La Rioja,Tricio
26158,ES23,La Rioja,Tudelilla
26160,ES23,La Rioja,Uruñuela
26161,ES23,La Rioja,Valdemadera
26162,ES23,La Rioja,Valgañón
26163,ES23,La Rioja,Ventosa
26164,ES23,La Rioja,Ventrosa
26165,ES23,La Rioja,Viguera
26166,ES23,La Rioja,Villalba de Rioja
26167,ES23,La Rioja,Villalobar de Rioja
26168,ES23,La Rioja,Villamediana de Iregua
26169,ES23,La Rioja,Villanueva de Cameros
26170,ES23,La Rioja,"Villar de Arnedo, El"
26171,ES23,La Rioja,Villar de Torre
26172,ES23,La Rioja,Villarejo
26173,ES23,La Rioja,Villarroya
26174,ES23,La Rioja,Villarta-Quintana
26175,ES23,La Rioja,Villavelayo
26176,ES23,La Rioja,Villaverde de Rioja
26177,ES23,La Rioja,Villoslada de Cameros
26178,ES23,La Rioja,Viniegra de Abajo
26179,ES23,La Rioja,Viniegra de Arriba
26180,ES23,La Rioja,Zarratón
26181,ES23,La Rioja,Zarzosa
26183,ES23,La Rioja,Zorraquín
27001,ES11,Lugo,Abadín
27002,ES11,Lugo,Alfoz
27003,ES11,Lugo,Antas de Ulla
27004,ES11,Lugo,Baleira
27901,ES11,Lugo,Baralla
27005,ES11,Lugo,Barreiros
27006,ES11,Lugo,Becerreá
27007,ES11,Lugo,Begonte
27008,ES11,Lugo,Bóveda
27902,ES11,Lugo,Burela
27009,ES11,Lugo,Carballedo
27010,ES11,Lugo,Castro de Rei
27011,ES11,Lugo,Castroverde
27012,ES11,Lugo,Cervantes
27013,ES11,Lugo,Cervo
27016,ES11,Lugo,Chantada
27014,ES11,Lugo,"Corgo, O"
27015,ES11,Lugo,Cospeito
27017,ES11,Lugo,Folgoso do Courel
27018,ES11,Lugo,"Fonsagrada, A"
27019,ES11,Lugo,Foz
27020,ES11,Lugo,Friol
27022,ES11,Lugo,Guitiriz
27023,ES11,Lugo,Guntín
27024,ES11,Lugo,"Incio, O"
27026,ES11,Lugo,Láncara
27027,ES11,Lugo,Lourenzá
27028,ES11,Lugo,Lugo
27029,ES11,Lugo,Meira
27030,ES11,Lugo,Mondoñedo
27031,ES11,Lugo,Monforte de Lemos
27032,ES11,Lugo,Monterroso
27033,ES11,Lugo,Muras
27034,ES11,Lugo,Navia de Suarna
27035,ES11,Lugo,Negueira de Muñiz
27037,ES11,Lugo,"Nogais, As"
27038,ES11,Lugo,Ourol
27039,ES11,Lugo,Outeiro de Rei
27040,ES11,Lugo,Palas de Rei
27041,ES11,Lugo,Pantón
27042,ES11,Lugo,Paradela
27043,ES11,Lugo,"Páramo, O"
27044,ES11,Lugo,"Pastoriza, A"
27045,ES11,Lugo,Pedrafita do Cebreiro
27047,ES11,Lugo,"Pobra do Brollón, A"
27046,ES11,Lugo,Pol
27048,ES11,Lugo,"Pontenova, A"
27049,ES11,Lugo,Portomarín
27050,ES11,Lugo,Quiroga
27056,ES11,Lugo,Rábade
27051,ES11,Lugo,Ribadeo
27052,ES11,Lugo,Ribas de Sil
27053,ES11,Lugo,Ribeira de Piquín
27054,ES11,Lugo,Riotorto
27055,ES11,Lugo,Samos
27057,ES11,Lugo,Sarria
27058,ES11,Lugo,"Saviñao, O"
27059,ES11,Lugo,Sober
27060,ES11,Lugo,Taboada
27061,ES11,Lugo,Trabada
27062,ES11,Lugo,Triacastela
27063,ES11,Lugo,"Valadouro, O"
27064,ES11,Lugo,"Vicedo, O"
27065,ES11,Lugo,Vilalba
27066,ES11,Lugo,Viveiro
27021,ES11,Lugo,Xermade
27025,ES11,Lugo,Xove
28001,ES30,Madrid,"Acebeda, La"
28002,ES30,Madrid,Ajalvir
28003,ES30,Madrid,Alameda del Valle
28004,ES30,Madrid,"Álamo, El"
28005,ES30,Madrid,Alcalá de Henares
28006,ES30,Madrid,Alcobendas
28007,ES30,Madrid,Alcorcón
28008,ES30,Madrid,Aldea del Fresno
28009,ES30,Madrid,Algete
28010,ES30,Madrid,Alpedrete
28011,ES30,Madrid,Ambite
28012,ES30,Madrid,Anchuelo
28013,ES30,Madrid,Aranjuez
28014,ES30,Madrid,Arganda del Rey
28015,ES30,Madrid,Arroyomolinos
28016,ES30,Madrid,"Atazar, El"
28017,ES30,Madrid,Batres
28018,ES30,Madrid,Becerril de la Sierra
28019,ES30,Madrid,Belmonte de Tajo
28021,ES30,Madrid,"Berrueco, El"
28020,ES30,Madrid,Berzosa del Lozoya
28022,ES30,Madrid,Boadilla del Monte
28023,ES30,Madrid,"Boalo, El"
28024,ES30,Madrid,Braojos
28025,ES30,Madrid,Brea de Tajo
28026,ES30,Madrid,Brunete
28027,ES30,Madrid,Buitrago del Lozoya
28028,ES30,Madrid,Bustarviejo
28029,ES30,Madrid,Cabanillas de la Sierra
28030,ES30,Madrid,"Cabrera, La"
28031,ES30,Madrid,Cadalso de los Vidrios
28032,ES30,Madrid,Camarma de Esteruelas
28033,ES30,Madrid,Campo Real
28034,ES30,Madrid,Canencia
28035,ES30,Madrid,Carabaña
28036,ES30,Madrid,Casarrubuelos
28037,ES30,Madrid,Cenicientos
28038,ES30,Madrid,Cercedilla
28039,ES30,Madrid,Cervera de Buitrago
28051,ES30,Madrid,Chapinería
28052,ES30,Madrid,Chinchón
28040,ES30,Madrid,Ciempozuelos
28041,ES30,Madrid,Cobeña
28046,ES30,Madrid,Collado Mediano
28047,ES30,Madrid,Collado Villalba
28043,ES30,Madrid,Colmenar de Oreja
28042,ES30,Madrid,Colmenar del Arroyo
28045,ES30,Madrid,Colmenar Viejo
28044,ES30,Madrid,Colmenarejo
28048,ES30,Madrid,Corpa
28049,ES30,Madrid,Coslada
28050,ES30,Madrid,Cubas de la Sagra
28053,ES30,Madrid,Daganzo de Arriba
28054,ES30,Madrid,"Escorial, El"
28055,ES30,Madrid,Estremera
28056,ES30,Madrid,Fresnedillas de la Oliva
28057,ES30,Madrid,Fresno de Torote
28058,ES30,Madrid,Fuenlabrada
28059,ES30,Madrid,Fuente el Saz de Jarama
28060,ES30,Madrid,Fuentidueña de Tajo
28061,ES30,Madrid,Galapagar
28062,ES30,Madrid,Garganta de los Montes
28063,ES30,Madrid,Gargantilla del Lozoya y Pinilla de Buitrago
28064,ES30,Madrid,Gascones
28065,ES30,Madrid,Getafe
28066,ES30,Madrid,Griñón
28067,ES30,Madrid,Guadalix de la Sierra
28068,ES30,Madrid,Guadarrama
28069,ES30,Madrid,"Hiruela, La"
28070,ES30,Madrid,Horcajo de la Sierra-Aoslos
28071,ES30,Madrid,Horcajuelo de la Sierra
28072,ES30,Madrid,Hoyo de Manzanares
28073,ES30,Madrid,Humanes de Madrid
28074,ES30,Madrid,Leganés
28075,ES30,Madrid,Loeches
28076,ES30,Madrid,Lozoya
28901,ES30,Madrid,Lozoyuela-Navas-Sieteiglesias
28078,ES30,Madrid,Madarcos
28079,ES30,Madrid,Madrid
28080,ES30,Madrid,Majadahonda
28082,ES30,Madrid,Manzanares el Real
28083,ES30,Madrid,Meco
28084,ES30,Madrid,Mejorada del Campo
28085,ES30,Madrid,Miraflores de la Sierra
28086,ES30,Madrid,"Molar, El"
28087,ES30,Madrid,"Molinos, Los"
28088,ES30,Madrid,Montejo de la Sierra
28089,ES30,Madrid,Moraleja de Enmedio
28090,ES30,Madrid,Moralzarzal
28091,ES30,Madrid,Morata de Tajuña
28092,ES30,Madrid,Móstoles
28093,ES30,Madrid,Navacerrada
28094,ES30,Madrid,Navalafuente
28095,ES30,Madrid,Navalagamella
28096,ES30,Madrid,Navalcarnero
28097,ES30,Madrid,Navarredonda y San Mamés
28099,ES30,Madrid,Navas del Rey
28100,ES30,Madrid,Nuevo Baztán
28101,ES30,Madrid,Olmeda de las Fuentes
28102,ES30,Madrid,Orusco de Tajuña
28104,ES30,Madrid,Paracuellos de Jarama
28106,ES30,Madrid,Parla
28107,ES30,Madrid,Patones
28108,ES30,Madrid,Pedrezuela
28109,ES30,Madrid,Pelayos de la Presa
28110,ES30,Madrid,Perales de Tajuña
28111,ES30,Madrid,Pezuela de las Torres
28112,ES30,Madrid,Pinilla del Valle
28113,ES30,Madrid,Pinto
28114,ES30,Madrid,Piñuécar-Gandullas
28115,ES30,Madrid,Pozuelo de Alarcón
28116,ES30,Madrid,Pozuelo del Rey
28117,ES30,Madrid,Prádena del Rincón
28118,ES30,Madrid,Puebla de la Sierra
28902,ES30,Madrid,Puentes Viejas
28119,ES30,Madrid,Quijorna
28120,ES30,Madrid,Rascafría
28121,ES30,Madrid,Redueña
28122,ES30,Madrid,Ribatejada
28123,ES30,Madrid,Rivas-Vaciamadrid
28124,ES30,Madrid,Robledillo de la Jara
28125,ES30,Madrid,Robledo de Chavela
28126,ES30,Madrid,Robregordo
28127,ES30,Madrid,"Rozas de Madrid, Las"
28128,ES30,Madrid,Rozas de Puerto Real
28129,ES30,Madrid,San Agustín del Guadalix
28130,ES30,Madrid,San Fernando de Henares
28131,ES30,Madrid,San Lorenzo de El Escorial
28132,ES30,Madrid,San Martín de la Vega
28133,ES30,Madrid,San Martín de Valdeiglesias
28134,ES30,Madrid,San Sebastián de los Reyes
28135,ES30,Madrid,Santa María de la Alameda
28136,ES30,Madrid,Santorcaz
28137,ES30,Madrid,"Santos de la Humosa, Los"
28138,ES30,Madrid,"Serna del Monte, La"
28140,ES30,Madrid,Serranillos del Valle
28141,ES30,Madrid,Sevilla la Nueva
28143,ES30,Madrid,Somosierra
28144,ES30,Madrid,Soto del Real
28145,ES30,Madrid,Talamanca de Jarama
28146,ES30,Madrid,Tielmes
28147,ES30,Madrid,Titulcia
28148,ES30,Madrid,Torrejón de Ardoz
28149,ES30,Madrid,Torrejón de la Calzada
28150,ES30,Madrid,Torrejón de Velasco
28151,ES30,Madrid,Torrelaguna
28152,ES30,Madrid,Torrelodones
28153,ES30,Madrid,Torremocha de Jarama
28154,ES30,Madrid,Torres de la Alameda
28903,ES30,Madrid,Tres Cantos
28155,ES30,Madrid,Valdaracete
28156,ES30,Madrid,Valdeavero
28157,ES30,Madrid,Valdelaguna
28158,ES30,Madrid,Valdemanco
28159,ES30,Madrid,Valdemaqueda
28160,ES30,Madrid,Valdemorillo
28161,ES30,Madrid,Valdemoro
28162,ES30,Madrid,Valdeolmos-Alalpardo
28163,ES30,Madrid,Valdepiélagos
28164,ES30,Madrid,Valdetorres de Jarama
28165,ES30,Madrid,Valdilecha
28166,ES30,Madrid,Valverde de Alcalá
28167,ES30,Madrid,Velilla de San Antonio
28168,ES30,Madrid,"Vellón, El"
28169,ES30,Madrid,Venturada
28171,ES30,Madrid,Villa del Prado
28170,ES30,Madrid,Villaconejos
28172,ES30,Madrid,Villalbilla
28173,ES30,Madrid,Villamanrique de Tajo
28174,ES30,Madrid,Villamanta
28175,ES30,Madrid,Villamantilla
28176,ES30,Madrid,Villanueva de la Cañada
28178,ES30,Madrid,Villanueva de Perales
28177,ES30,Madrid,Villanueva del Pardillo
28179,ES30,Madrid,Villar del Olmo
28180,ES30,Madrid,Villarejo de Salvanés
28181,ES30,Madrid,Villaviciosa de Odón
28182,ES30,Madrid,Villavieja del Lozoya
28183,ES30,Madrid,Zarzalejo
29001,ES61,Málaga,Alameda
29002,ES61,Málaga,Alcaucín
29003,ES61,Málaga,Alfarnate
29004,ES61,Málaga,Alfarnatejo
29005,ES61,Málaga,Algarrobo
29006,ES61,Málaga,Algatocín
29007,ES61,Málaga,Alhaurín de la Torre
29008,ES61,Málaga,Alhaurín el Grande
29009,ES61,Málaga,Almáchar
29010,ES61,Málaga,Almargen
29011,ES61,Málaga,Almogía
29012,ES61,Málaga,Álora
29013,ES61,Málaga,Alozaina
29014,ES61,Málaga,Alpandeire
29015,ES61,Málaga,Antequera
29016,ES61,Málaga,Árchez
29017,ES61,Málaga,Archidona
29018,ES61,Málaga,Ardales
29019,ES61,Málaga,Arenas
29020,ES61,Málaga,Arriate
29021,ES61,Málaga,Atajate
29022,ES61,Málaga,Benadalid
29023,ES61,Málaga,Benahavís
29024,ES61,Málaga,Benalauría
29025,ES61,Málaga,Benalmádena
29026,ES61,Málaga,Benamargosa
29027,ES61,Málaga,Benamocarra
29028,ES61,Málaga,Benaoján
29029,ES61,Málaga,Benarrabá
29030,ES61,Málaga,"Borge, El"
29031,ES61,Málaga,"Burgo, El"
29032,ES61,Málaga,Campillos
29033,ES61,Málaga,Canillas de Aceituno
29034,ES61,Málaga,Canillas de Albaida
29035,ES61,Málaga,Cañete la Real
29036,ES61,Málaga,Carratraca
29037,ES61,Málaga,Cartajima
29038,ES61,Málaga,Cártama
29039,ES61,Málaga,Casabermeja
29040,ES61,Málaga,Casarabonela
29041,ES61,Málaga,Casares
29042,ES61,Málaga,Coín
29043,ES61,Málaga,Colmenar
29044,ES61,Málaga,Comares
29045,ES61,Málaga,Cómpeta
29046,ES61,Málaga,Cortes de la Frontera
29047,ES61,Málaga,Cuevas Bajas
29049,ES61,Málaga,Cuevas de San Marcos
29048,ES61,Málaga,Cuevas del Becerro
29050,ES61,Málaga,Cútar
29051,ES61,Málaga,Estepona
29052,ES61,Málaga,Faraján
29053,ES61,Málaga,Frigiliana
29054,ES61,Málaga,Fuengirola
29055,ES61,Málaga,Fuente de Piedra
29056,ES61,Málaga,Gaucín
29057,ES61,Málaga,Genalguacil
29058,ES61,Málaga,Guaro
29059,ES61,Málaga,Humilladero
29060,ES61,Málaga,Igualeja
29061,ES61,Málaga,Istán
29062,ES61,Málaga,Iznate
29063,ES61,Málaga,Jimera de Líbar
29064,ES61,Málaga,Jubrique
29065,ES61,Málaga,Júzcar
29066,ES61,Málaga,Macharaviaya
29067,ES61,Málaga,Málaga
29068,ES61,Málaga,Manilva
29069,ES61,Málaga,Marbella
29070,ES61,Málaga,Mijas
29071,ES61,Málaga,Moclinejo
29072,ES61,Málaga,Mollina
29073,ES61,Málaga,Monda
29903,ES61,Málaga,Montecorto
29074,ES61,Málaga,Montejaque
29075,ES61,Málaga,Nerja
29076,ES61,Málaga,Ojén
29077,ES61,Málaga,Parauta
29079,ES61,Málaga,Periana
29080,ES61,Málaga,Pizarra
29081,ES61,Málaga,Pujerra
29082,ES61,Málaga,Rincón de la Victoria
29083,ES61,Málaga,Riogordo
29084,ES61,Málaga,Ronda
29085,ES61,Málaga,Salares
29086,ES61,Málaga,Sayalonga
29087,ES61,Málaga,Sedella
29904,ES61,Málaga,Serrato
29088,ES61,Málaga,Sierra de Yeguas
29089,ES61,Málaga,Teba
29090,ES61,Málaga,Tolox
29901,ES61,Málaga,Torremolinos
29091,ES61,Málaga,Torrox
29092,ES61,Málaga,Totalán
29093,ES61,Málaga,Valle de Abdalajís
29094,ES61,Málaga,Vélez-Málaga
29095,ES61,Málaga,Villanueva de Algaidas
29902,ES61,Málaga,Villanueva de la Concepción
29098,ES61,Málaga,Villanueva de Tapia
29096,ES61,Málaga,Villanueva del Rosario
29097,ES61,Málaga,Villanueva del Trabuco
29099,ES61,Málaga,Viñuela
29100,ES61,Málaga,Yunquera
30001,ES62,Murcia,Abanilla
30002,ES62,Murcia,Abarán
30003,ES62,Murcia,Águilas
30004,ES62,Murcia,Albudeite
30005,ES62,Murcia,Alcantarilla
30902,ES62,Murcia,"Alcázares, Los"
30006,ES62,Murcia,Aledo
30007,ES62,Murcia,Alguazas
30008,ES62,Murcia,Alhama de Murcia
30009,ES62,Murcia,Archena
30010,ES62,Murcia,Beniel
30011,ES62,Murcia,Blanca
30012,ES62,Murcia,Bullas
30013,ES62,Murcia,Calasparra
30014,ES62,Murcia,Campos del Río
30015,ES62,Murcia,Caravaca de la Cruz
30016,ES62,Murcia,Cartagena
30017,ES62,Murcia,Cehegín
30018,ES62,Murcia,Ceutí
30019,ES62,Murcia,Cieza
30020,ES62,Murcia,Fortuna
30021,ES62,Murcia,Fuente Álamo de Murcia
30022,ES62,Murcia,Jumilla
30023,ES62,Murcia,Librilla
30024,ES62,Murcia,Lorca
30025,ES62,Murcia,Lorquí
30026,ES62,Murcia,Mazarrón
30027,ES62,Murcia,Molina de Segura
30028,ES62,Murcia,Moratalla
30029,ES62,Murcia,Mula
30030,ES62,Murcia,Murcia
30031,ES62,Murcia,Ojós
30032,ES62,Murcia,Pliego
30033,ES62,Murcia,Puerto Lumbreras
30034,ES62,Murcia,Ricote
30035,ES62,Murcia,San Javier
30036,ES62,Murcia,San Pedro del Pinatar
30901,ES62,Murcia,Santomera
30037,ES62,Murcia,Torre-Pacheco
30038,ES62,Murcia,"Torres de Cotillas, Las"
30039,ES62,Murcia,Totana
30040,ES62,Murcia,Ulea
30041,ES62,Murcia,"Unión, La"
30042,ES62,Murcia,Villanueva del Río Segura
30043,ES62,Murcia,Yecla
31001,ES22,Navarra,Abáigar
31002,ES22,Navarra,Abárzuza/Abartzuza
31003,ES22,Navarra,Abaurregaina/Abaurrea Alta
31004,ES22,Navarra,Abaurrepea/Abaurrea Baja
31005,ES22,Navarra,Aberin
31006,ES22,Navarra,Ablitas
31007,ES22,Navarra,Adiós
31008,ES22,Navarra,Aguilar de Codés
31009,ES22,Navarra,Aibar/Oibar
31011,ES22,Navarra,Allín/Allin
31012,ES22,Navarra,Allo
31010,ES22,Navarra,Altsasu/Alsasua
31013,ES22,Navarra,Améscoa Baja
31014,ES22,Navarra,Ancín/Antzin
31015,ES22,Navarra,Andosilla
31016,ES22,Navarra,Ansoáin/Antsoain
31017,ES22,Navarra,Anue
31018,ES22,Navarra,Añorbe
31019,ES22,Navarra,Aoiz/Agoitz
31020,ES22,Navarra,Araitz
31025,ES22,Navarra,Arakil
31021,ES22,Navarra,Aranarache/Aranaratxe
31023,ES22,Navarra,Aranguren
31024,ES22,Navarra,Arano
31022,ES22,Navarra,Arantza
31026,ES22,Navarra,Aras
31027,ES22,Navarra,Arbizu
31028,ES22,Navarra,Arce/Artzi
31029,ES22,Navarra,"Arcos, Los"
31030,ES22,Navarra,Arellano
31031,ES22,Navarra,Areso
31032,ES22,Navarra,Arguedas
31033,ES22,Navarra,Aria
31034,ES22,Navarra,Aribe
31035,ES22,Navarra,Armañanzas
31036,ES22,Navarra,Arróniz
31037,ES22,Navarra,Arruazu
31038,ES22,Navarra,Artajona
31039,ES22,Navarra,Artazu
31040,ES22,Navarra,Atetz
31058,ES22,Navarra,Auritz/Burguete
31041,ES22,Navarra,Ayegui/Aiegi
31042,ES22,Navarra,Azagra
31043,ES22,Navarra,Azuelo
31044,ES22,Navarra,Bakaiku
31901,ES22,Navarra,Barañáin/Barañain
31045,ES22,Navarra,Barásoain
31046,ES22,Navarra,Barbarin
31047,ES22,Navarra,Bargota
31048,ES22,Navarra,Barillas
31049,ES22,Navarra,Basaburua
31050,ES22,Navarra,Baztan
31137,ES22,Navarra,Beintza-Labaien
31051,ES22,Navarra,Beire
31052,ES22,Navarra,Belascoáin
31250,ES22,Navarra,Bera
31053,ES22,Navarra,Berbinzana
31905,ES22,Navarra,Beriáin
31902,ES22,Navarra,Berrioplano/Berriobeiti
31903,ES22,Navarra,Berriozar
31054,ES22,Navarra,Bertizarana
31055,ES22,Navarra,Betelu
31253,ES22,Navarra,Bidaurreta
31056,ES22,Navarra,Biurrun-Olcoz
31057,ES22,Navarra,Buñuel
31059,ES22,Navarra,Burgui/Burgi
31060,ES22,Navarra,Burlada/Burlata
31061,ES22,Navarra,"Busto, El"
31062,ES22,Navarra,Cabanillas
31063,ES22,Navarra,Cabredo
31064,ES22,Navarra,Cadreita
31065,ES22,Navarra,Caparroso
31066,ES22,Navarra,Cárcar
31067,ES22,Navarra,Carcastillo
31068,ES22,Navarra,Cascante
31069,ES22,Navarra,Cáseda
31070,ES22,Navarra,Castejón
31071,ES22,Navarra,Castillonuevo/Gazteluberri
31193,ES22,Navarra,Cendea de Olza/Oltza Zendea
31072,ES22,Navarra,Cintruénigo
31074,ES22,Navarra,Cirauqui/Zirauki
31075,ES22,Navarra,Ciriza/Ziritza
31076,ES22,Navarra,Cizur
31077,ES22,Navarra,Corella
31078,ES22,Navarra,Cortes
31079,ES22,Navarra,Desojo
31080,ES22,Navarra,Dicastillo
31081,ES22,Navarra,Donamaria
31221,ES22,Navarra,Doneztebe/Santesteban
31083,ES22,Navarra,Echarri/Etxarri
31087,ES22,Navarra,Elgorriaga
31089,ES22,Navarra,Enériz/Eneritz
31090,ES22,Navarra,Eratsun
31091,ES22,Navarra,Ergoiena
31092,ES22,Navarra,Erro
31094,ES22,Navarra,Eslava
31095,ES22,Navarra,Esparza de Salazar/Espartza Zaraitzu
31096,ES22,Navarra,Espronceda
31097,ES22,Navarra,Estella-Lizarra
31098,ES22,Navarra,Esteribar
31099,ES22,Navarra,Etayo
31082,ES22,Navarra,Etxalar
31084,ES22,Navarra,Etxarri Aranatz
31085,ES22,Navarra,Etxauri
31100,ES22,Navarra,Eulate
31101,ES22,Navarra,Ezcabarte
31093,ES22,Navarra,Ezcároz/Ezkaroze
31102,ES22,Navarra,Ezkurra
31103,ES22,Navarra,Ezprogui
31104,ES22,Navarra,Falces
31105,ES22,Navarra,Fitero
31106,ES22,Navarra,Fontellas
31107,ES22,Navarra,Funes
31108,ES22,Navarra,Fustiñana
31109,ES22,Navarra,Galar
31110,ES22,Navarra,Gallipienzo/Galipentzu
31111,ES22,Navarra,Gallués/Galoze
31112,ES22,Navarra,Garaioa
31113,ES22,Navarra,Garde
31114,ES22,Navarra,Garínoain
31115,ES22,Navarra,Garralda
31116,ES22,Navarra,Genevilla
31117,ES22,Navarra,Goizueta
31119,ES22,Navarra,Güesa/Gorza
31120,ES22,Navarra,Guesálaz/Gesalatz
31121,ES22,Navarra,Guirguillano
31256,ES22,Navarra,Hiriberri/Villanueva de Aezkoa
31122,ES22,Navarra,Huarte/Uharte
31124,ES22,Navarra,Ibargoiti
31259,ES22,Navarra,Igantzi
31125,ES22,Navarra,Igúzquiza
31126,ES22,Navarra,Imotz
31127,ES22,Navarra,Irañeta
31904,ES22,Navarra,Irurtzun
31128,ES22,Navarra,Isaba/Izaba
31129,ES22,Navarra,Ituren
31130,ES22,Navarra,Iturmendi
31131,ES22,Navarra,Iza/Itza
31132,ES22,Navarra,Izagaondoa
31133,ES22,Navarra,Izalzu/Itzaltzu
31134,ES22,Navarra,Jaurrieta
31135,ES22,Navarra,Javier
31136,ES22,Navarra,Juslapeña/Txulapain
31138,ES22,Navarra,Lakuntza
31139,ES22,Navarra,Lana
31140,ES22,Navarra,Lantz
31141,ES22,Navarra,Lapoblación
31142,ES22,Navarra,Larraga
31143,ES22,Navarra,Larraona
31144,ES22,Navarra,Larraun
31145,ES22,Navarra,Lazagurría
31146,ES22,Navarra,Leache/Leatxe
31147,ES22,Navarra,Legarda
31148,ES22,Navarra,Legaria
31149,ES22,Navarra,Leitza
31908,ES22,Navarra,Lekunberri
31150,ES22,Navarra,Leoz/Leotz
31151,ES22,Navarra,Lerga
31152,ES22,Navarra,Lerín
31153,ES22,Navarra,Lesaka
31154,ES22,Navarra,Lezaun
31155,ES22,Navarra,Liédena
31156,ES22,Navarra,Lizoain-Arriasgoiti/Lizoainibar-Arriasgoiti
31157,ES22,Navarra,Lodosa
31158,ES22,Navarra,Lónguida/Longida
31159,ES22,Navarra,Lumbier
31160,ES22,Navarra,Luquin
31248,ES22,Navarra,Luzaide/Valcarlos
31161,ES22,Navarra,Mañeru
31162,ES22,Navarra,Marañón
31163,ES22,Navarra,Marcilla
31164,ES22,Navarra,Mélida
31165,ES22,Navarra,Mendavia
31166,ES22,Navarra,Mendaza
31167,ES22,Navarra,Mendigorria
31168,ES22,Navarra,Metauten
31169,ES22,Navarra,Milagro
31170,ES22,Navarra,Mirafuentes
31171,ES22,Navarra,Miranda de Arga
31172,ES22,Navarra,Monreal/Elo
31173,ES22,Navarra,Monteagudo
31174,ES22,Navarra,Morentin
31175,ES22,Navarra,Mues
31176,ES22,Navarra,Murchante
31177,ES22,Navarra,Murieta
31178,ES22,Navarra,Murillo el Cuende
31179,ES22,Navarra,Murillo el Fruto
31180,ES22,Navarra,Muruzábal
31181,ES22,Navarra,Navascués/Nabaskoze
31182,ES22,Navarra,Nazar
31183,ES22,Navarra,Obanos
31185,ES22,Navarra,Ochagavía/Otsagabia
31184,ES22,Navarra,Oco
31186,ES22,Navarra,Odieta
31187,ES22,Navarra,Oiz
31188,ES22,Navarra,Olaibar
31189,ES22,Navarra,Olazti/Olazagutía
31190,ES22,Navarra,Olejua
31191,ES22,Navarra,Olite/Erriberri
31192,ES22,Navarra,Olóriz/Oloritz
31195,ES22,Navarra,Orbaizeta
31196,ES22,Navarra,Orbara
31197,ES22,Navarra,Orísoain
31906,ES22,Navarra,Orkoien
31198,ES22,Navarra,Oronz/Orontze
31199,ES22,Navarra,Oroz-Betelu/Orotz-Betelu
31211,ES22,Navarra,Orreaga/Roncesvalles
31200,ES22,Navarra,Oteiza
31201,ES22,Navarra,Pamplona/Iruña
31202,ES22,Navarra,Peralta/Azkoien
31203,ES22,Navarra,Petilla de Aragón
31204,ES22,Navarra,Piedramillera
31205,ES22,Navarra,Pitillas
31206,ES22,Navarra,Puente la Reina/Gares
31207,ES22,Navarra,Pueyo/Puiu
31208,ES22,Navarra,Ribaforada
31209,ES22,Navarra,Romanzado/Erromantzatua
31210,ES22,Navarra,Roncal/Erronkari
31212,ES22,Navarra,Sada
31213,ES22,Navarra,Saldías
31214,ES22,Navarra,Salinas de Oro/Jaitz
31215,ES22,Navarra,San Adrián
31217,ES22,Navarra,San Martín de Unx
31216,ES22,Navarra,Sangüesa/Zangoza
31219,ES22,Navarra,Sansol
31220,ES22,Navarra,Santacara
31222,ES22,Navarra,Sarriés/Sartze
31223,ES22,Navarra,Sartaguda
31224,ES22,Navarra,Sesma
31225,ES22,Navarra,Sorlada
31226,ES22,Navarra,Sunbilla
31227,ES22,Navarra,Tafalla
31228,ES22,Navarra,Tiebas-Muruarte de Reta
31229,ES22,Navarra,Tirapu
31230,ES22,Navarra,Torralba del Río
31231,ES22,Navarra,Torres del Río
31232,ES22,Navarra,Tudela
31233,ES22,Navarra,Tulebras
31234,ES22,Navarra,Ucar
31123,ES22,Navarra,Uharte Arakil
31235,ES22,Navarra,Ujué/Uxue
31236,ES22,Navarra,Ultzama
31237,ES22,Navarra,Unciti
31238,ES22,Navarra,Unzué/Untzue
31239,ES22,Navarra,Urdazubi/Urdax
31240,ES22,Navarra,Urdiain
31241,ES22,Navarra,Urraul Alto
31242,ES22,Navarra,Urraul Bajo
31244,ES22,Navarra,Urroz
31243,ES22,Navarra,Urroz-Villa
31245,ES22,Navarra,Urzainqui/Urzainki
31246,ES22,Navarra,Uterga
31247,ES22,Navarra,Uztárroz/Uztarroze
31118,ES22,Navarra,Val de Goñi/Goñerri
31086,ES22,Navarra,Valle de Egüés/Eguesibar
31088,ES22,Navarra,Valle de Elorz/Elortzibar
31194,ES22,Navarra,Valle de Ollo/Ollaran
31260,ES22,Navarra,Valle de Yerri/Deierri
31249,ES22,Navarra,Valtierra
31251,ES22,Navarra,Viana
31252,ES22,Navarra,Vidángoz/Bidankoze
31254,ES22,Navarra,Villafranca
31255,ES22,Navarra,Villamayor de Monjardín
31257,ES22,Navarra,Villatuerta
31258,ES22,Navarra,Villava/Atarrabia
31261,ES22,Navarra,Yesa
31262,ES22,Navarra,Zabalza/Zabaltza
31073,ES22,Navarra,Ziordia
31907,ES22,Navarra,Zizur Mayor/Zizur Nagusia
31263,ES22,Navarra,Zubieta
31264,ES22,Navarra,Zugarramurdi
31265,ES22,Navarra,Zúñiga
32001,ES11,Ourense,Allariz
32002,ES11,Ourense,Amoeiro
32003,ES11,Ourense,"Arnoia, A"
32004,ES11,Ourense,Avión
32005,ES11,Ourense,Baltar
32006,ES11,Ourense,Bande
32007,ES11,Ourense,Baños de Molgas
32008,ES11,Ourense,Barbadás
32009,ES11,Ourense,"Barco de Valdeorras, O"
32010,ES11,Ourense,Beade
32011,ES11,Ourense,Beariz
32012,ES11,Ourense,"Blancos, Os"
32013,ES11,Ourense,Boborás
32014,ES11,Ourense,"Bola, A"
32015,ES11,Ourense,"Bolo, O"
32016,ES11,Ourense,Calvos de Randín
32018,ES11,Ourense,Carballeda de Avia
32017,ES11,Ourense,Carballeda de Valdeorras
32019,ES11,Ourense,"Carballiño, O"
32020,ES11,Ourense,Cartelle
32022,ES11,Ourense,Castrelo de Miño
32021,ES11,Ourense,Castrelo do Val
32023,ES11,Ourense,Castro Caldelas
32024,ES11,Ourense,Celanova
32025,ES11,Ourense,Cenlle
32029,ES11,Ourense,Chandrexa de Queixa
32026,ES11,Ourense,Coles
32027,ES11,Ourense,Cortegada
32028,ES11,Ourense,Cualedro
32030,ES11,Ourense,Entrimo
32031,ES11,Ourense,Esgos
32033,ES11,Ourense,Gomesende
32034,ES11,Ourense,"Gudiña, A"
32035,ES11,Ourense,"Irixo, O"
32038,ES11,Ourense,Larouco
32039,ES11,Ourense,Laza
32040,ES11,Ourense,Leiro
32041,ES11,Ourense,Lobeira
32042,ES11,Ourense,Lobios
32043,ES11,Ourense,Maceda
32044,ES11,Ourense,Manzaneda
32045,ES11,Ourense,Maside
32046,ES11,Ourense,Melón
32047,ES11,Ourense,"Merca, A"
32048,ES11,Ourense,"Mezquita, A"
32049,ES11,Ourense,Montederramo
32050,ES11,Ourense,Monterrei
32051,ES11,Ourense,Muíños
32052,ES11,Ourense,Nogueira de Ramuín
32053,ES11,Ourense,Oímbra
32054,ES11,Ourense,Ourense
32055,ES11,Ourense,Paderne de Allariz
32056,ES11,Ourense,Padrenda
32057,ES11,Ourense,Parada de Sil
32058,ES11,Ourense,"Pereiro de Aguiar, O"
32059,ES11,Ourense,"Peroxa, A"
32060,ES11,Ourense,Petín
32061,ES11,Ourense,Piñor
32063,ES11,Ourense,"Pobra de Trives, A"
32064,ES11,Ourense,Pontedeva
32062,ES11,Ourense,Porqueira
32065,ES11,Ourense,Punxín
32066,ES11,Ourense,Quintela de Leirado
32067,ES11,Ourense,Rairiz de Veiga
32068,ES11,Ourense,Ramirás
32069,ES11,Ourense,Ribadavia
32071,ES11,Ourense,Riós
32072,ES11,Ourense,"Rúa, A"
32073,ES11,Ourense,Rubiá
32074,ES11,Ourense,San Amaro
32075,ES11,Ourense,San Cibrao das Viñas
32076,ES11,Ourense,San Cristovo de Cea
32070,ES11,Ourense,San Xoán de Río
32077,ES11,Ourense,Sandiás
32078,ES11,Ourense,Sarreaus
32079,ES11,Ourense,Taboadela
32080,ES11,Ourense,"Teixeira, A"
32081,ES11,Ourense,Toén
32082,ES11,Ourense,Trasmiras
32083,ES11,Ourense,"Veiga, A"
32084,ES11,Ourense,Verea
32085,ES11,Ourense,Verín
32086,ES11,Ourense,Viana do Bolo
32087,ES11,Ourense,Vilamarín
32088,ES11,Ourense,Vilamartín de Valdeorras
32089,ES11,Ourense,Vilar de Barrio
32090,ES11,Ourense,Vilar de Santos
32091,ES11,Ourense,Vilardevós
32092,ES11,Ourense,Vilariño de Conso
32032,ES11,Ourense,Xinzo de Limia
32036,ES11,Ourense,Xunqueira de Ambía
32037,ES11,Ourense,Xunqueira de Espadanedo
33001,ES12,Asturias,Allande
33002,ES12,Asturias,Aller
33003,ES12,Asturias,Amieva
33004,ES12,Asturias,Avilés
33005,ES12,Asturias,Belmonte de Miranda
33006,ES12,Asturias,Bimenes
33007,ES12,Asturias,Boal
33008,ES12,Asturias,Cabrales
33009,ES12,Asturias,Cabranes
33010,ES12,Asturias,Candamo
33012,ES12,Asturias,Cangas de Onís
33011,ES12,Asturias,Cangas del Narcea
33013,ES12,Asturias,Caravia
33014,ES12,Asturias,Carreño
33015,ES12,Asturias,Caso
33016,ES12,Asturias,Castrillón
33017,ES12,Asturias,Castropol
33018,ES12,Asturias,Coaña
33019,ES12,Asturias,Colunga
33020,ES12,Asturias,Corvera de Asturias
33021,ES12,Asturias,Cudillero
33022,ES12,Asturias,Degaña
33023,ES12,Asturias,"Franco, El"
33024,ES12,Asturias,Gijón
33025,ES12,Asturias,Gozón
33026,ES12,Asturias,Grado
33027,ES12,Asturias,Grandas de Salime
33028,ES12,Asturias,Ibias
33029,ES12,Asturias,Illano
33030,ES12,Asturias,Illas
33031,ES12,Asturias,Langreo
33032,ES12,Asturias,Laviana
33033,ES12,Asturias,Lena
33035,ES12,Asturias,Llanera
33036,ES12,Asturias,Llanes
33037,ES12,Asturias,Mieres
33038,ES12,Asturias,Morcín
33039,ES12,Asturias,Muros de Nalón
33040,ES12,Asturias,Nava
33041,ES12,Asturias,Navia
33042,ES12,Asturias,Noreña
33043,ES12,Asturias,Onís
33044,ES12,Asturias,Oviedo
33045,ES12,Asturias,Parres
33046,ES12,Asturias,Peñamellera Alta
33047,ES12,Asturias,Peñamellera Baja
33048,ES12,Asturias,Pesoz
33049,ES12,Asturias,Piloña
33050,ES12,Asturias,Ponga
33051,ES12,Asturias,Pravia
33052,ES12,Asturias,Proaza
33053,ES12,Asturias,Quirós
33054,ES12,Asturias,"Regueras, Las"
33055,ES12,Asturias,Ribadedeva
33056,ES12,Asturias,Ribadesella
33057,ES12,Asturias,Ribera de Arriba
33058,ES12,Asturias,Riosa
33059,ES12,Asturias,Salas
33061,ES12,Asturias,San Martín de Oscos
33060,ES12,Asturias,San Martín del Rey Aurelio
33063,ES12,Asturias,San Tirso de Abres
33062,ES12,Asturias,Santa Eulalia de Oscos
33064,ES12,Asturias,Santo Adriano
33065,ES12,Asturias,Sariego
33066,ES12,Asturias,Siero
33067,ES12,Asturias,Sobrescobio
33068,ES12,Asturias,Somiedo
33069,ES12,Asturias,Soto del Barco
33070,ES12,Asturias,Tapia de Casariego
33071,ES12,Asturias,Taramundi
33072,ES12,Asturias,Teverga
33073,ES12,Asturias,Tineo
33034,ES12,Asturias,Valdés
33074,ES12,Asturias,Vegadeo
33075,ES12,Asturias,Villanueva de Oscos
33076,ES12,Asturias,Villaviciosa
33077,ES12,Asturias,Villayón
33078,ES12,Asturias,Yernes y Tameza
34001,ES41,Palencia,Abarca de Campos
34003,ES41,Palencia,Abia de las Torres
34004,ES41,Palencia,Aguilar de Campoo
34005,ES41,Palencia,Alar del Rey
34006,ES41,Palencia,Alba de Cerrato
34009,ES41,Palencia,Amayuelas de Arriba
34010,ES41,Palencia,Ampudia
34011,ES41,Palencia,Amusco
34012,ES41,Palencia,Antigüedad
34015,ES41,Palencia,Arconada
34017,ES41,Palencia,Astudillo
34018,ES41,Palencia,Autilla del Pino
34019,ES41,Palencia,Autillo de Campos
34020,ES41,Palencia,Ayuela
34022,ES41,Palencia,Baltanás
34024,ES41,Palencia,Baquerín de Campos
34025,ES41,Palencia,Bárcena de Campos
34027,ES41,Palencia,Barruelo de Santullán
34028,ES41,Palencia,Báscones de Ojeda
34029,ES41,Palencia,Becerril de Campos
34031,ES41,Palencia,Belmonte de Campos
34032,ES41,Palencia,Berzosilla
34033,ES41,Palencia,Boada de Campos
34035,ES41,Palencia,Boadilla de Rioseco
34034,ES41,Palencia,Boadilla del Camino
34036,ES41,Palencia,Brañosera
34037,ES41,Palencia,Buenavista de Valdavia
34038,ES41,Palencia,Bustillo de la Vega
34039,ES41,Palencia,Bustillo del Páramo de Carrión
34041,ES41,Palencia,Calahorra de Boedo
34042,ES41,Palencia,Calzada de los Molinos
34045,ES41,Palencia,Capillas
34046,ES41,Palencia,Cardeñosa de Volpejera
34047,ES41,Palencia,Carrión de los Condes
34048,ES41,Palencia,Castil de Vela
34049,ES41,Palencia,Castrejón de la Peña
34050,ES41,Palencia,Castrillo de Don Juan
34051,ES41,Palencia,Castrillo de Onielo
34052,ES41,Palencia,Castrillo de Villavega
34053,ES41,Palencia,Castromocho
34055,ES41,Palencia,Cervatos de la Cueza
34056,ES41,Palencia,Cervera de Pisuerga
34057,ES41,Palencia,Cevico de la Torre
34058,ES41,Palencia,Cevico Navero
34059,ES41,Palencia,Cisneros
34060,ES41,Palencia,Cobos de Cerrato
34061,ES41,Palencia,Collazos de Boedo
34062,ES41,Palencia,Congosto de Valdavia
34063,ES41,Palencia,Cordovilla la Real
34066,ES41,Palencia,Cubillas de Cerrato
34067,ES41,Palencia,Dehesa de Montejo
34068,ES41,Palencia,Dehesa de Romanos
34069,ES41,Palencia,Dueñas
34070,ES41,Palencia,Espinosa de Cerrato
34071,ES41,Palencia,Espinosa de Villagonzalo
34072,ES41,Palencia,Frechilla
34073,ES41,Palencia,Fresno del Río
34074,ES41,Palencia,Frómista
34076,ES41,Palencia,Fuentes de Nava
34077,ES41,Palencia,Fuentes de Valdepero
34079,ES41,Palencia,Grijota
34080,ES41,Palencia,Guardo
34081,ES41,Palencia,Guaza de Campos
34082,ES41,Palencia,Hérmedes de Cerrato
34083,ES41,Palencia,Herrera de Pisuerga
34084,ES41,Palencia,Herrera de Valdecañas
34086,ES41,Palencia,Hontoria de Cerrato
34087,ES41,Palencia,Hornillos de Cerrato
34088,ES41,Palencia,Husillos
34089,ES41,Palencia,Itero de la Vega
34091,ES41,Palencia,Lagartos
34092,ES41,Palencia,Lantadilla
34094,ES41,Palencia,Ledigos
34903,ES41,Palencia,Loma de Ucieza
34096,ES41,Palencia,Lomas
34098,ES41,Palencia,Magaz de Pisuerga
34099,ES41,Palencia,Manquillos
34100,ES41,Palencia,Mantinos
34101,ES41,Palencia,Marcilla de Campos
34102,ES41,Palencia,Mazariegos
34103,ES41,Palencia,Mazuecos de Valdeginate
34104,ES41,Palencia,Melgar de Yuso
34106,ES41,Palencia,Meneses de Campos
34107,ES41,Palencia,Micieces de Ojeda
34108,ES41,Palencia,Monzón de Campos
34109,ES41,Palencia,Moratinos
34110,ES41,Palencia,Mudá
34112,ES41,Palencia,Nogal de las Huertas
34113,ES41,Palencia,Olea de Boedo
34114,ES41,Palencia,Olmos de Ojeda
34116,ES41,Palencia,Osornillo
34901,ES41,Palencia,Osorno la Mayor
34120,ES41,Palencia,Palencia
34121,ES41,Palencia,Palenzuela
34122,ES41,Palencia,Páramo de Boedo
34123,ES41,Palencia,Paredes de Nava
34124,ES41,Palencia,Payo de Ojeda
34125,ES41,Palencia,Pedraza de Campos
34126,ES41,Palencia,Pedrosa de la Vega
34127,ES41,Palencia,Perales
34904,ES41,Palencia,"Pernía, La"
34129,ES41,Palencia,Pino del Río
34130,ES41,Palencia,Piña de Campos
34131,ES41,Palencia,Población de Arroyo
34132,ES41,Palencia,Población de Campos
34133,ES41,Palencia,Población de Cerrato
34134,ES41,Palencia,Polentinos
34135,ES41,Palencia,Pomar de Valdivia
34136,ES41,Palencia,Poza de la Vega
34137,ES41,Palencia,Pozo de Urama
34139,ES41,Palencia,Prádanos de Ojeda
34140,ES41,Palencia,"Puebla de Valdavia, La"
34141,ES41,Palencia,Quintana del Puente
34143,ES41,Palencia,Quintanilla de Onsoña
34146,ES41,Palencia,Reinoso de Cerrato
34147,ES41,Palencia,Renedo de la Vega
34149,ES41,Palencia,Requena de Campos
34151,ES41,Palencia,Respenda de la Peña
34152,ES41,Palencia,Revenga de Campos
34154,ES41,Palencia,Revilla de Collazos
34155,ES41,Palencia,Ribas de Campos
34156,ES41,Palencia,Riberos de la Cueza
34157,ES41,Palencia,Saldaña
34158,ES41,Palencia,Salinas de Pisuerga
34159,ES41,Palencia,San Cebrián de Campos
34160,ES41,Palencia,San Cebrián de Mudá
34161,ES41,Palencia,San Cristóbal de Boedo
34163,ES41,Palencia,San Mamés de Campos
34165,ES41,Palencia,San Román de la Cuba
34167,ES41,Palencia,Santa Cecilia del Alcor
34168,ES41,Palencia,Santa Cruz de Boedo
34169,ES41,Palencia,Santervás de la Vega
34170,ES41,Palencia,Santibáñez de Ecla
34171,ES41,Palencia,Santibáñez de la Peña
34174,ES41,Palencia,Santoyo
34175,ES41,Palencia,"Serna, La"
34177,ES41,Palencia,Soto de Cerrato
34176,ES41,Palencia,Sotobañado y Priorato
34178,ES41,Palencia,Tabanera de Cerrato
34179,ES41,Palencia,Tabanera de Valdavia
34180,ES41,Palencia,Támara de Campos
34181,ES41,Palencia,Tariego de Cerrato
34182,ES41,Palencia,Torquemada
34184,ES41,Palencia,Torremormojón
34185,ES41,Palencia,Triollo
34186,ES41,Palencia,Valbuena de Pisuerga
34189,ES41,Palencia,Valdeolmillos
34190,ES41,Palencia,Valderrábano
34192,ES41,Palencia,Valde-Ucieza
34196,ES41,Palencia,Valle de Cerrato
34902,ES41,Palencia,Valle del Retortillo
34199,ES41,Palencia,Velilla del Río Carrión
34023,ES41,Palencia,Venta de Baños
34201,ES41,Palencia,Vertavillo
34093,ES41,Palencia,"Vid de Ojeda, La"
34202,ES41,Palencia,Villabasta de Valdavia
34204,ES41,Palencia,Villacidaler
34205,ES41,Palencia,Villaconancio
34206,ES41,Palencia,Villada
34208,ES41,Palencia,Villaeles de Valdavia
34210,ES41,Palencia,Villahán
34211,ES41,Palencia,Villaherreros
34213,ES41,Palencia,Villalaco
34214,ES41,Palencia,Villalba de Guardo
34215,ES41,Palencia,Villalcázar de Sirga
34216,ES41,Palencia,Villalcón
34217,ES41,Palencia,Villalobón
34218,ES41,Palencia,Villaluenga de la Vega
34220,ES41,Palencia,Villamartín de Campos
34221,ES41,Palencia,Villamediana
34222,ES41,Palencia,Villameriel
34223,ES41,Palencia,Villamoronta
34224,ES41,Palencia,Villamuera de la Cueza
34225,ES41,Palencia,Villamuriel de Cerrato
34227,ES41,Palencia,Villanueva del Rebollar
34228,ES41,Palencia,Villanuño de Valdavia
34229,ES41,Palencia,Villaprovedo
34230,ES41,Palencia,Villarmentero de Campos
34231,ES41,Palencia,Villarrabé
34232,ES41,Palencia,Villarramiel
34233,ES41,Palencia,Villasarracino
34234,ES41,Palencia,Villasila de Valdavia
34236,ES41,Palencia,Villaturde
34237,ES41,Palencia,Villaumbrales
34238,ES41,Palencia,Villaviudas
34240,ES41,Palencia,Villerías de Campos
34241,ES41,Palencia,Villodre
34242,ES41,Palencia,Villodrigo
34243,ES41,Palencia,Villoldo
34245,ES41,Palencia,Villota del Páramo
34246,ES41,Palencia,Villovieco
35001,ES70,Las Palmas,Agaete
35002,ES70,Las Palmas,Agüimes
35020,ES70,Las Palmas,"Aldea de San Nicolás, La"
35003,ES70,Las Palmas,Antigua
35004,ES70,Las Palmas,Arrecife
35005,ES70,Las Palmas,Artenara
35006,ES70,Las Palmas,Arucas
35007,ES70,Las Palmas,Betancuria
35008,ES70,Las Palmas,Firgas
35009,ES70,Las Palmas,Gáldar
35010,ES70,Las Palmas,Haría
35011,ES70,Las Palmas,Ingenio
35012,ES70,Las Palmas,Mogán
35013,ES70,Las Palmas,Moya
35014,ES70,Las Palmas,"Oliva, La"
35015,ES70,Las Palmas,Pájara
35016,ES70,Las Palmas,"Palmas de Gran Canaria, Las"
35017,ES70,Las Palmas,Puerto del Rosario
35018,ES70,Las Palmas,San Bartolomé
35019,ES70,Las Palmas,San Bartolomé de Tirajana
35021,ES70,Las Palmas,Santa Brígida
35022,ES70,Las Palmas,Santa Lucía de Tirajana
35023,ES70,Las Palmas,Santa María de Guía de Gran Canaria
35024,ES70,Las Palmas,Teguise
35025,ES70,Las Palmas,Tejeda
35026,ES70,Las Palmas,Telde
35027,ES70,Las Palmas,Teror
35028,ES70,Las Palmas,Tías
35029,ES70,Las Palmas,Tinajo
35030,ES70,Las Palmas,Tuineje
35032,ES70,Las Palmas,Valleseco
35031,ES70,Las Palmas,Valsequillo de Gran Canaria
35033,ES70,Las Palmas,Vega de San Mateo
35034,ES70,Las Palmas,Yaiza
36020,ES11,Pontevedra,Agolada
36001,ES11,Pontevedra,Arbo
36003,ES11,Pontevedra,Baiona
36002,ES11,Pontevedra,Barro
36004,ES11,Pontevedra,Bueu
36005,ES11,Pontevedra,Caldas de Reis
36006,ES11,Pontevedra,Cambados
36007,ES11,Pontevedra,Campo Lameiro
36008,ES11,Pontevedra,Cangas
36009,ES11,Pontevedra,"Cañiza, A"
36010,ES11,Pontevedra,Catoira
36902,ES11,Pontevedra,Cerdedo-Cotobade
36013,ES11,Pontevedra,Covelo
36014,ES11,Pontevedra,Crecente
36015,ES11,Pontevedra,Cuntis
36016,ES11,Pontevedra,Dozón
36017,ES11,Pontevedra,"Estrada, A"
36018,ES11,Pontevedra,Forcarei
36019,ES11,Pontevedra,Fornelos de Montes
36021,ES11,Pontevedra,Gondomar
36022,ES11,Pontevedra,"Grove, O"
36023,ES11,Pontevedra,"Guarda, A"
36901,ES11,Pontevedra,"Illa de Arousa, A"
36024,ES11,Pontevedra,Lalín
36025,ES11,Pontevedra,"Lama, A"
36026,ES11,Pontevedra,Marín
36027,ES11,Pontevedra,Meaño
36028,ES11,Pontevedra,Meis
36029,ES11,Pontevedra,Moaña
36030,ES11,Pontevedra,Mondariz
36031,ES11,Pontevedra,Mondariz-Balneario
36032,ES11,Pontevedra,Moraña
36033,ES11,Pontevedra,Mos
36034,ES11,Pontevedra,"Neves, As"
36035,ES11,Pontevedra,Nigrán
36036,ES11,Pontevedra,Oia
36037,ES11,Pontevedra,Pazos de Borbén
36041,ES11,Pontevedra,Poio
36043,ES11,Pontevedra,Ponte Caldelas
36042,ES11,Pontevedra,Ponteareas
36044,ES11,Pontevedra,Pontecesures
36038,ES11,Pontevedra,Pontevedra
36039,ES11,Pontevedra,"Porriño, O"
36040,ES11,Pontevedra,Portas
36045,ES11,Pontevedra,Redondela
36046,ES11,Pontevedra,Ribadumia
36047,ES11,Pontevedra,Rodeiro
36048,ES11,Pontevedra,"Rosal, O"
36049,ES11,Pontevedra,Salceda de Caselas
36050,ES11,Pontevedra,Salvaterra de Miño
36051,ES11,Pontevedra,Sanxenxo
36052,ES11,Pontevedra,Silleda
36053,ES11,Pontevedra,Soutomaior
36054,ES11,Pontevedra,Tomiño
36055,ES11,Pontevedra,Tui
36056,ES11,Pontevedra,Valga
36057,ES11,Pontevedra,Vigo
36059,ES11,Pontevedra,Vila de Cruces
36058,ES11,Pontevedra,Vilaboa
36060,ES11,Pontevedra,Vilagarcía de Arousa
36061,ES11,Pontevedra,Vilanova de Arousa
37001,ES41,Salamanca,Abusejo
37002,ES41,Salamanca,Agallas
37003,ES41,Salamanca,Ahigal de los Aceiteros
37004,ES41,Salamanca,Ahigal de Villarino
37005,ES41,Salamanca,"Alameda de Gardón, La"
37006,ES41,Salamanca,"Alamedilla, La"
37007,ES41,Salamanca,Alaraz
37008,ES41,Salamanca,Alba de Tormes
37009,ES41,Salamanca,Alba de Yeltes
37010,ES41,Salamanca,"Alberca, La"
37011,ES41,Salamanca,"Alberguería de Argañán, La"
37012,ES41,Salamanca,Alconada
37015,ES41,Salamanca,Aldea del Obispo
37013,ES41,Salamanca,Aldeacipreste
37014,ES41,Salamanca,Aldeadávila de la Ribera
37016,ES41,Salamanca,Aldealengua
37017,ES41,Salamanca,Aldeanueva de Figueroa
37018,ES41,Salamanca,Aldeanueva de la Sierra
37019,ES41,Salamanca,Aldearrodrigo
37020,ES41,Salamanca,Aldearrubia
37021,ES41,Salamanca,Aldeaseca de Alba
37022,ES41,Salamanca,Aldeaseca de la Frontera
37023,ES41,Salamanca,Aldeatejada
37024,ES41,Salamanca,Aldeavieja de Tormes
37025,ES41,Salamanca,Aldehuela de la Bóveda
37026,ES41,Salamanca,Aldehuela de Yeltes
37027,ES41,Salamanca,Almenara de Tormes
37028,ES41,Salamanca,Almendra
37029,ES41,Salamanca,Anaya de Alba
37030,ES41,Salamanca,Añover de Tormes
37031,ES41,Salamanca,Arabayona de Mógica
37032,ES41,Salamanca,Arapiles
37033,ES41,Salamanca,Arcediano
37034,ES41,Salamanca,"Arco, El"
37035,ES41,Salamanca,Armenteros
37037,ES41,Salamanca,"Atalaya, La"
37038,ES41,Salamanca,Babilafuente
37039,ES41,Salamanca,Bañobárez
37040,ES41,Salamanca,Barbadillo
37041,ES41,Salamanca,Barbalos
37042,ES41,Salamanca,Barceo
37044,ES41,Salamanca,Barruecopardo
37045,ES41,Salamanca,"Bastida, La"
37046,ES41,Salamanca,Béjar
37047,ES41,Salamanca,Beleña
37049,ES41,Salamanca,Bermellar
37050,ES41,Salamanca,Berrocal de Huebra
37051,ES41,Salamanca,Berrocal de Salvatierra
37052,ES41,Salamanca,Boada
37054,ES41,Salamanca,"Bodón, El"
37055,ES41,Salamanca,Bogajo
37056,ES41,Salamanca,"Bouza, La"
37057,ES41,Salamanca,Bóveda del Río Almar
37058,ES41,Salamanca,Brincones
37059,ES41,Salamanca,Buenamadre
37060,ES41,Salamanca,Buenavista
37061,ES41,Salamanca,"Cabaco, El"
37063,ES41,Salamanca,"Cabeza de Béjar, La"
37065,ES41,Salamanca,Cabeza del Caballo
37062,ES41,Salamanca,Cabezabellosa de la Calzada
37067,ES41,Salamanca,Cabrerizos
37068,ES41,Salamanca,Cabrillas
37069,ES41,Salamanca,Calvarrasa de Abajo
37070,ES41,Salamanca,Calvarrasa de Arriba
37071,ES41,Salamanca,"Calzada de Béjar, La"
37072,ES41,Salamanca,Calzada de Don Diego
37073,ES41,Salamanca,Calzada de Valdunciel
37074,ES41,Salamanca,Campillo de Azaba
37077,ES41,Salamanca,"Campo de Peñaranda, El"
37078,ES41,Salamanca,Candelario
37079,ES41,Salamanca,Canillas de Abajo
37080,ES41,Salamanca,Cantagallo
37081,ES41,Salamanca,Cantalapiedra
37082,ES41,Salamanca,Cantalpino
37083,ES41,Salamanca,Cantaracillo
37085,ES41,Salamanca,Carbajosa de la Sagrada
37086,ES41,Salamanca,Carpio de Azaba
37087,ES41,Salamanca,Carrascal de Barregas
37088,ES41,Salamanca,Carrascal del Obispo
37089,ES41,Salamanca,Casafranca
37090,ES41,Salamanca,"Casas del Conde, Las"
37091,ES41,Salamanca,Casillas de Flores
37092,ES41,Salamanca,Castellanos de Moriscos
37185,ES41,Salamanca,Castellanos de Villiquera
37096,ES41,Salamanca,Castillejo de Martín Viejo
37097,ES41,Salamanca,Castraz
37098,ES41,Salamanca,Cepeda
37099,ES41,Salamanca,Cereceda de la Sierra
37100,ES41,Salamanca,Cerezal de Peñahorcada
37101,ES41,Salamanca,Cerralbo
37102,ES41,Salamanca,"Cerro, El"
37103,ES41,Salamanca,Cespedosa de Tormes
37114,ES41,Salamanca,Chagarcía Medianero
37104,ES41,Salamanca,Cilleros de la Bastida
37106,ES41,Salamanca,Cipérez
37107,ES41,Salamanca,Ciudad Rodrigo
37108,ES41,Salamanca,Coca de Alba
37109,ES41,Salamanca,Colmenar de Montemayor
37110,ES41,Salamanca,Cordovilla
37112,ES41,Salamanca,Cristóbal
37113,ES41,Salamanca,"Cubo de Don Sancho, El"
37115,ES41,Salamanca,Dios le Guarde
37116,ES41,Salamanca,Doñinos de Ledesma
37117,ES41,Salamanca,Doñinos de Salamanca
37118,ES41,Salamanca,Éjeme
37120,ES41,Salamanca,Encina de San Silvestre
37119,ES41,Salamanca,"Encina, La"
37121,ES41,Salamanca,Encinas de Abajo
37122,ES41,Salamanca,Encinas de Arriba
37123,ES41,Salamanca,Encinasola de los Comendadores
37124,ES41,Salamanca,Endrinal
37125,ES41,Salamanca,Escurial de la Sierra
37126,ES41,Salamanca,Espadaña
37127,ES41,Salamanca,Espeja
37128,ES41,Salamanca,Espino de la Orbada
37129,ES41,Salamanca,Florida de Liébana
37130,ES41,Salamanca,Forfoleda
37131,ES41,Salamanca,Frades de la Sierra
37132,ES41,Salamanca,"Fregeneda, La"
37133,ES41,Salamanca,Fresnedoso
37134,ES41,Salamanca,Fresno Alhándiga
37135,ES41,Salamanca,"Fuente de San Esteban, La"
37136,ES41,Salamanca,Fuenteguinaldo
37137,ES41,Salamanca,Fuenteliante
37138,ES41,Salamanca,Fuenterroble de Salvatierra
37139,ES41,Salamanca,Fuentes de Béjar
37140,ES41,Salamanca,Fuentes de Oñoro
37141,ES41,Salamanca,Gajates
37142,ES41,Salamanca,Galindo y Perahuy
37143,ES41,Salamanca,Galinduste
37144,ES41,Salamanca,Galisancho
37145,ES41,Salamanca,Gallegos de Argañán
37146,ES41,Salamanca,Gallegos de Solmirón
37147,ES41,Salamanca,Garcibuey
37148,ES41,Salamanca,Garcihernández
37149,ES41,Salamanca,Garcirrey
37150,ES41,Salamanca,Gejuelo del Barro
37151,ES41,Salamanca,Golpejas
37152,ES41,Salamanca,Gomecello
37154,ES41,Salamanca,Guadramiro
37155,ES41,Salamanca,Guijo de Ávila
37156,ES41,Salamanca,Guijuelo
37157,ES41,Salamanca,Herguijuela de Ciudad Rodrigo
37158,ES41,Salamanca,Herguijuela de la Sierra
37159,ES41,Salamanca,Herguijuela del Campo
37160,ES41,Salamanca,Hinojosa de Duero
37161,ES41,Salamanca,Horcajo de Montemayor
37162,ES41,Salamanca,Horcajo Medianero
37163,ES41,Salamanca,"Hoya, La"
37164,ES41,Salamanca,Huerta
37165,ES41,Salamanca,Iruelos
37166,ES41,Salamanca,Ituero de Azaba
37167,ES41,Salamanca,Juzbado
37168,ES41,Salamanca,Lagunilla
37169,ES41,Salamanca,Larrodrigo
37170,ES41,Salamanca,Ledesma
37171,ES41,Salamanca,Ledrada
37172,ES41,Salamanca,Linares de Riofrío
37173,ES41,Salamanca,Lumbrales
37175,ES41,Salamanca,Machacón
37174,ES41,Salamanca,Macotera
37176,ES41,Salamanca,Madroñal
37177,ES41,Salamanca,"Maíllo, El"
37178,ES41,Salamanca,Malpartida
37179,ES41,Salamanca,Mancera de Abajo
37180,ES41,Salamanca,"Manzano, El"
37181,ES41,Salamanca,Martiago
37183,ES41,Salamanca,Martín de Yeltes
37182,ES41,Salamanca,Martinamor
37184,ES41,Salamanca,Masueco
37186,ES41,Salamanca,"Mata de Ledesma, La"
37187,ES41,Salamanca,Matilla de los Caños del Río
37188,ES41,Salamanca,"Maya, La"
37189,ES41,Salamanca,Membribe de la Sierra
37190,ES41,Salamanca,Mieza
37191,ES41,Salamanca,"Milano, El"
37192,ES41,Salamanca,Miranda de Azán
37193,ES41,Salamanca,Miranda del Castañar
37194,ES41,Salamanca,Mogarraz
37195,ES41,Salamanca,Molinillo
37196,ES41,Salamanca,Monforte de la Sierra
37197,ES41,Salamanca,Monleón
37198,ES41,Salamanca,Monleras
37199,ES41,Salamanca,Monsagro
37200,ES41,Salamanca,Montejo
37201,ES41,Salamanca,Montemayor del Río
37202,ES41,Salamanca,Monterrubio de Armuña
37203,ES41,Salamanca,Monterrubio de la Sierra
37204,ES41,Salamanca,Morasverdes
37205,ES41,Salamanca,Morille
37206,ES41,Salamanca,Moríñigo
37207,ES41,Salamanca,Moriscos
37208,ES41,Salamanca,Moronta
37209,ES41,Salamanca,Mozárbez
37211,ES41,Salamanca,Narros de Matalayegua
37213,ES41,Salamanca,Nava de Béjar
37214,ES41,Salamanca,Nava de Francia
37215,ES41,Salamanca,Nava de Sotrobal
37212,ES41,Salamanca,Navacarros
37216,ES41,Salamanca,Navales
37217,ES41,Salamanca,Navalmoral de Béjar
37218,ES41,Salamanca,Navamorales
37219,ES41,Salamanca,Navarredonda de la Rinconada
37221,ES41,Salamanca,Navasfrías
37222,ES41,Salamanca,Negrilla de Palencia
37223,ES41,Salamanca,Olmedo de Camaces
37224,ES41,Salamanca,"Orbada, La"
37225,ES41,Salamanca,Pajares de la Laguna
37226,ES41,Salamanca,Palacios del Arzobispo
37228,ES41,Salamanca,Palaciosrubios
37229,ES41,Salamanca,Palencia de Negrilla
37230,ES41,Salamanca,Parada de Arriba
37231,ES41,Salamanca,Parada de Rubiales
37232,ES41,Salamanca,Paradinas de San Juan
37233,ES41,Salamanca,Pastores
37234,ES41,Salamanca,"Payo, El"
37235,ES41,Salamanca,Pedraza de Alba
37236,ES41,Salamanca,Pedrosillo de Alba
37237,ES41,Salamanca,Pedrosillo de los Aires
37238,ES41,Salamanca,Pedrosillo el Ralo
37239,ES41,Salamanca,"Pedroso de la Armuña, El"
37240,ES41,Salamanca,Pelabravo
37241,ES41,Salamanca,Pelarrodríguez
37242,ES41,Salamanca,Pelayos
37243,ES41,Salamanca,"Peña, La"
37244,ES41,Salamanca,Peñacaballera
37245,ES41,Salamanca,Peñaparda
37246,ES41,Salamanca,Peñaranda de Bracamonte
37247,ES41,Salamanca,Peñarandilla
37248,ES41,Salamanca,Peralejos de Abajo
37249,ES41,Salamanca,Peralejos de Arriba
37250,ES41,Salamanca,Pereña de la Ribera
37251,ES41,Salamanca,Peromingo
37252,ES41,Salamanca,Pinedas
37253,ES41,Salamanca,"Pino de Tormes, El"
37254,ES41,Salamanca,Pitiegua
37255,ES41,Salamanca,Pizarral
37256,ES41,Salamanca,Poveda de las Cintas
37257,ES41,Salamanca,Pozos de Hinojo
37258,ES41,Salamanca,Puebla de Azaba
37259,ES41,Salamanca,Puebla de San Medel
37260,ES41,Salamanca,Puebla de Yeltes
37261,ES41,Salamanca,Puente del Congosto
37262,ES41,Salamanca,Puertas
37263,ES41,Salamanca,Puerto de Béjar
37264,ES41,Salamanca,Puerto Seguro
37265,ES41,Salamanca,Rágama
37266,ES41,Salamanca,"Redonda, La"
37267,ES41,Salamanca,Retortillo
37268,ES41,Salamanca,"Rinconada de la Sierra, La"
37269,ES41,Salamanca,Robleda
37270,ES41,Salamanca,Robliza de Cojos
37271,ES41,Salamanca,Rollán
37272,ES41,Salamanca,Saelices el Chico
37273,ES41,Salamanca,"Sagrada, La"
37303,ES41,Salamanca,"Sahugo, El"
37274,ES41,Salamanca,Salamanca
37275,ES41,Salamanca,Saldeana
37276,ES41,Salamanca,Salmoral
37277,ES41,Salamanca,Salvatierra de Tormes
37278,ES41,Salamanca,San Cristóbal de la Cuesta
37284,ES41,Salamanca,San Esteban de la Sierra
37285,ES41,Salamanca,San Felices de los Gallegos
37286,ES41,Salamanca,San Martín del Castañar
37287,ES41,Salamanca,San Miguel de Valero
37036,ES41,Salamanca,San Miguel del Robledo
37288,ES41,Salamanca,San Morales
37289,ES41,Salamanca,San Muñoz
37291,ES41,Salamanca,San Pedro de Rozados
37290,ES41,Salamanca,San Pedro del Valle
37292,ES41,Salamanca,San Pelayo de Guareña
37280,ES41,Salamanca,Sanchón de la Ribera
37281,ES41,Salamanca,Sanchón de la Sagrada
37282,ES41,Salamanca,Sanchotello
37279,ES41,Salamanca,Sancti-Spíritus
37283,ES41,Salamanca,Sando
37293,ES41,Salamanca,Santa María de Sando
37294,ES41,Salamanca,Santa Marta de Tormes
37296,ES41,Salamanca,Santiago de la Puebla
37297,ES41,Salamanca,Santibáñez de Béjar
37298,ES41,Salamanca,Santibáñez de la Sierra
37299,ES41,Salamanca,Santiz
37300,ES41,Salamanca,"Santos, Los"
37301,ES41,Salamanca,Sardón de los Frailes
37302,ES41,Salamanca,Saucelle
37304,ES41,Salamanca,Sepulcro-Hilario
37305,ES41,Salamanca,Sequeros
37306,ES41,Salamanca,Serradilla del Arroyo
37307,ES41,Salamanca,Serradilla del Llano
37309,ES41,Salamanca,"Sierpe, La"
37310,ES41,Salamanca,Sieteiglesias de Tormes
37311,ES41,Salamanca,Sobradillo
37312,ES41,Salamanca,Sorihuela
37313,ES41,Salamanca,Sotoserrano
37314,ES41,Salamanca,Tabera de Abajo
37315,ES41,Salamanca,"Tala, La"
37316,ES41,Salamanca,Tamames
37317,ES41,Salamanca,Tarazona de Guareña
37318,ES41,Salamanca,Tardáguila
37319,ES41,Salamanca,"Tejado, El"
37320,ES41,Salamanca,Tejeda y Segoyuela
37321,ES41,Salamanca,Tenebrón
37322,ES41,Salamanca,Terradillos
37323,ES41,Salamanca,Topas
37324,ES41,Salamanca,Tordillos
37325,ES41,Salamanca,"Tornadizo, El"
37327,ES41,Salamanca,Torresmenudas
37328,ES41,Salamanca,Trabanca
37329,ES41,Salamanca,Tremedal de Tormes
37330,ES41,Salamanca,Valdecarros
37331,ES41,Salamanca,Valdefuentes de Sangusín
37332,ES41,Salamanca,Valdehijaderos
37333,ES41,Salamanca,Valdelacasa
37334,ES41,Salamanca,Valdelageve
37335,ES41,Salamanca,Valdelosa
37336,ES41,Salamanca,Valdemierque
37337,ES41,Salamanca,Valderrodrigo
37338,ES41,Salamanca,Valdunciel
37339,ES41,Salamanca,Valero
37343,ES41,Salamanca,Vallejera de Riofrío
37340,ES41,Salamanca,Valsalabroso
37341,ES41,Salamanca,Valverde de Valdelacasa
37342,ES41,Salamanca,Valverdón
37344,ES41,Salamanca,Vecinos
37345,ES41,Salamanca,Vega de Tirados
37346,ES41,Salamanca,"Veguillas, Las"
37347,ES41,Salamanca,"Vellés, La"
37348,ES41,Salamanca,Ventosa del Río Almar
37349,ES41,Salamanca,"Vídola, La"
37351,ES41,Salamanca,Villaflores
37352,ES41,Salamanca,Villagonzalo de Tormes
37353,ES41,Salamanca,Villalba de los Llanos
37354,ES41,Salamanca,Villamayor
37355,ES41,Salamanca,Villanueva del Conde
37356,ES41,Salamanca,Villar de Argañán
37357,ES41,Salamanca,Villar de Ciervo
37358,ES41,Salamanca,Villar de Gallimazo
37359,ES41,Salamanca,Villar de la Yegua
37360,ES41,Salamanca,Villar de Peralonso
37361,ES41,Salamanca,Villar de Samaniego
37362,ES41,Salamanca,Villares de la Reina
37363,ES41,Salamanca,Villares de Yeltes
37364,ES41,Salamanca,Villarino de los Aires
37365,ES41,Salamanca,Villarmayor
37366,ES41,Salamanca,Villarmuerto
37367,ES41,Salamanca,Villasbuenas
37368,ES41,Salamanca,Villasdardo
37369,ES41,Salamanca,Villaseco de los Gamitos
37370,ES41,Salamanca,Villaseco de los Reyes
37371,ES41,Salamanca,Villasrubias
37372,ES41,Salamanca,Villaverde de Guareña
37373,ES41,Salamanca,Villavieja de Yeltes
37374,ES41,Salamanca,Villoria
37375,ES41,Salamanca,Villoruela
37350,ES41,Salamanca,Vilvestre
37376,ES41,Salamanca,Vitigudino
37377,ES41,Salamanca,Yecla de Yeltes
37378,ES41,Salamanca,Zamarra
37379,ES41,Salamanca,Zamayón
37380,ES41,Salamanca,Zarapicos
37381,ES41,Salamanca,"Zarza de Pumareda, La"
37382,ES41,Salamanca,Zorita de la Frontera
38001,ES70,Santa Cruz de Tenerife,Adeje
38002,ES70,Santa Cruz de Tenerife,Agulo
38003,ES70,Santa Cruz de Tenerife,Alajeró
38004,ES70,Santa Cruz de Tenerife,Arafo
38005,ES70,Santa Cruz de Tenerife,Arico
38006,ES70,Santa Cruz de Tenerife,Arona
38007,ES70,Santa Cruz de Tenerife,Barlovento
38008,ES70,Santa Cruz de Tenerife,Breña Alta
38009,ES70,Santa Cruz de Tenerife,Breña Baja
38010,ES70,Santa Cruz de Tenerife,Buenavista del Norte
38011,ES70,Santa Cruz de Tenerife,Candelaria
38012,ES70,Santa Cruz de Tenerife,Fasnia
38013,ES70,Santa Cruz de Tenerife,Frontera
38014,ES70,Santa Cruz de Tenerife,Fuencaliente de la Palma
38015,ES70,Santa Cruz de Tenerife,Garachico
38016,ES70,Santa Cruz de Tenerife,Garafía
38017,ES70,Santa Cruz de Tenerife,Granadilla de Abona
38018,ES70,Santa Cruz de Tenerife,"Guancha, La"
38019,ES70,Santa Cruz de Tenerife,Guía de Isora
38020,ES70,Santa Cruz de Tenerife,Güímar
38021,ES70,Santa Cruz de Tenerife,Hermigua
38022,ES70,Santa Cruz de Tenerife,Icod de los Vinos
38024,ES70,Santa Cruz de Tenerife,"Llanos de Aridane, Los"
38025,ES70,Santa Cruz de Tenerife,"Matanza de Acentejo, La"
38026,ES70,Santa Cruz de Tenerife,"Orotava, La"
38027,ES70,Santa Cruz de Tenerife,"Paso, El"
38901,ES70,Santa Cruz de Tenerife,"Pinar de El Hierro, El"
38028,ES70,Santa Cruz de Tenerife,Puerto de la Cruz
38029,ES70,Santa Cruz de Tenerife,Puntagorda
38030,ES70,Santa Cruz de Tenerife,Puntallana
38031,ES70,Santa Cruz de Tenerife,"Realejos, Los"
38032,ES70,Santa Cruz de Tenerife,"Rosario, El"
38033,ES70,Santa Cruz de Tenerife,San Andrés y Sauces
38023,ES70,Santa Cruz de Tenerife,San Cristóbal de La Laguna
38034,ES70,Santa Cruz de Tenerife,San Juan de la Rambla
38035,ES70,Santa Cruz de Tenerife,San Miguel de Abona
38036,ES70,Santa Cruz de Tenerife,San Sebastián de la Gomera
38037,ES70,Santa Cruz de Tenerife,Santa Cruz de la Palma
38038,ES70,Santa Cruz de Tenerife,Santa Cruz de Tenerife
38039,ES70,Santa Cruz de Tenerife,Santa Úrsula
38040,ES70,Santa Cruz de Tenerife,Santiago del Teide
38041,ES70,Santa Cruz de Tenerife,"Sauzal, El"
38042,ES70,Santa Cruz de Tenerife,"Silos, Los"
38043,ES70,Santa Cruz de Tenerife,Tacoronte
38044,ES70,Santa Cruz de Tenerife,"Tanque, El"
38045,ES70,Santa Cruz de Tenerife,Tazacorte
38046,ES70,Santa Cruz de Tenerife,Tegueste
38047,ES70,Santa Cruz de Tenerife,Tijarafe
38049,ES70,Santa Cruz de Tenerife,Valle Gran Rey
38050,ES70,Santa Cruz de Tenerife,Vallehermoso
38048,ES70,Santa Cruz de Tenerife,Valverde
38051,ES70,Santa Cruz de Tenerife,"Victoria de Acentejo, La"
38052,ES70,Santa Cruz de Tenerife,Vilaflor de Chasna
38053,ES70,Santa Cruz de Tenerife,Villa de Mazo
39001,ES13,Cantabria,Alfoz de Lloredo
39002,ES13,Cantabria,Ampuero
39003,ES13,Cantabria,Anievas
39004,ES13,Cantabria,Arenas de Iguña
39005,ES13,Cantabria,Argoños
39006,ES13,Cantabria,Arnuero
39007,ES13,Cantabria,Arredondo
39008,ES13,Cantabria,"Astillero, El"
39009,ES13,Cantabria,Bárcena de Cicero
39010,ES13,Cantabria,Bárcena de Pie de Concha
39011,ES13,Cantabria,Bareyo
39012,ES13,Cantabria,Cabezón de la Sal
39013,ES13,Cantabria,Cabezón de Liébana
39014,ES13,Cantabria,Cabuérniga
39015,ES13,Cantabria,Camaleño
39016,ES13,Cantabria,Camargo
39027,ES13,Cantabria,Campoo de Enmedio
39017,ES13,Cantabria,Campoo de Yuso
39018,ES13,Cantabria,Cartes
39019,ES13,Cantabria,Castañeda
39020,ES13,Cantabria,Castro-Urdiales
39021,ES13,Cantabria,Cieza
39022,ES13,Cantabria,Cillorigo de Liébana
39023,ES13,Cantabria,Colindres
39024,ES13,Cantabria,Comillas
39025,ES13,Cantabria,"Corrales de Buelna, Los"
39026,ES13,Cantabria,Corvera de Toranzo
39028,ES13,Cantabria,Entrambasaguas
39029,ES13,Cantabria,Escalante
39030,ES13,Cantabria,Guriezo
39031,ES13,Cantabria,Hazas de Cesto
39032,ES13,Cantabria,Hermandad de Campoo de Suso
39033,ES13,Cantabria,Herrerías
39034,ES13,Cantabria,Lamasón
39035,ES13,Cantabria,Laredo
39036,ES13,Cantabria,Liendo
39037,ES13,Cantabria,Liérganes
39038,ES13,Cantabria,Limpias
39039,ES13,Cantabria,Luena
39040,ES13,Cantabria,Marina de Cudeyo
39041,ES13,Cantabria,Mazcuerras
39042,ES13,Cantabria,Medio Cudeyo
39043,ES13,Cantabria,Meruelo
39044,ES13,Cantabria,Miengo
39045,ES13,Cantabria,Miera
39046,ES13,Cantabria,Molledo
39047,ES13,Cantabria,Noja
39048,ES13,Cantabria,Penagos
39049,ES13,Cantabria,Peñarrubia
39050,ES13,Cantabria,Pesaguero
39051,ES13,Cantabria,Pesquera
39052,ES13,Cantabria,Piélagos
39053,ES13,Cantabria,Polaciones
39054,ES13,Cantabria,Polanco
39055,ES13,Cantabria,Potes
39056,ES13,Cantabria,Puente Viesgo
39057,ES13,Cantabria,Ramales de la Victoria
39058,ES13,Cantabria,Rasines
39059,ES13,Cantabria,Reinosa
39060,ES13,Cantabria,Reocín
39061,ES13,Cantabria,Ribamontán al Mar
39062,ES13,Cantabria,Ribamontán al Monte
39063,ES13,Cantabria,Rionansa
39064,ES13,Cantabria,Riotuerto
39065,ES13,Cantabria,"Rozas de Valdearroyo, Las"
39066,ES13,Cantabria,Ruente
39067,ES13,Cantabria,Ruesga
39068,ES13,Cantabria,Ruiloba
39069,ES13,Cantabria,San Felices de Buelna
39070,ES13,Cantabria,San Miguel de Aguayo
39071,ES13,Cantabria,San Pedro del Romeral
39072,ES13,Cantabria,San Roque de Riomiera
39080,ES13,Cantabria,San Vicente de la Barquera
39073,ES13,Cantabria,Santa Cruz de Bezana
39074,ES13,Cantabria,Santa María de Cayón
39075,ES13,Cantabria,Santander
39076,ES13,Cantabria,Santillana del Mar
39077,ES13,Cantabria,Santiurde de Reinosa
39078,ES13,Cantabria,Santiurde de Toranzo
39079,ES13,Cantabria,Santoña
39081,ES13,Cantabria,Saro
39082,ES13,Cantabria,Selaya
39083,ES13,Cantabria,Soba
39084,ES13,Cantabria,Solórzano
39085,ES13,Cantabria,Suances
39086,ES13,Cantabria,"Tojos, Los"
39087,ES13,Cantabria,Torrelavega
39088,ES13,Cantabria,Tresviso
39089,ES13,Cantabria,Tudanca
39090,ES13,Cantabria,Udías
39095,ES13,Cantabria,Val de San Vicente
39091,ES13,Cantabria,Valdáliga
39092,ES13,Cantabria,Valdeolea
39093,ES13,Cantabria,Valdeprado del Río
39094,ES13,Cantabria,Valderredible
39101,ES13,Cantabria,Valle de Villaverde
39096,ES13,Cantabria,Vega de Liébana
39097,ES13,Cantabria,Vega de Pas
39098,ES13,Cantabria,Villacarriedo
39099,ES13,Cantabria,Villaescusa
39100,ES13,Cantabria,Villafufre
39102,ES13,Cantabria,Voto
40001,ES41,Segovia,Abades
40002,ES41,Segovia,Adrada de Pirón
40003,ES41,Segovia,Adrados
40004,ES41,Segovia,Aguilafuente
40005,ES41,Segovia,Alconada de Maderuelo
40012,ES41,Segovia,Aldea Real
40006,ES41,Segovia,Aldealcorvo
40007,ES41,Segovia,Aldealengua de Pedraza
40008,ES41,Segovia,Aldealengua de Santa María
40009,ES41,Segovia,Aldeanueva de la Serrezuela
40010,ES41,Segovia,Aldeanueva del Codonal
40013,ES41,Segovia,Aldeasoña
40014,ES41,Segovia,Aldehorno
40015,ES41,Segovia,Aldehuela del Codonal
40016,ES41,Segovia,Aldeonte
40017,ES41,Segovia,Anaya
40018,ES41,Segovia,Añe
40019,ES41,Segovia,Arahuetes
40020,ES41,Segovia,Arcones
40021,ES41,Segovia,Arevalillo de Cega
40022,ES41,Segovia,Armuña
40024,ES41,Segovia,Ayllón
40025,ES41,Segovia,Barbolla
40026,ES41,Segovia,Basardilla
40028,ES41,Segovia,Bercial
40029,ES41,Segovia,Bercimuel
40030,ES41,Segovia,Bernardos
40031,ES41,Segovia,Bernuy de Porreros
40032,ES41,Segovia,Boceguillas
40033,ES41,Segovia,Brieva
40034,ES41,Segovia,Caballar
40035,ES41,Segovia,Cabañas de Polendos
40036,ES41,Segovia,Cabezuela
40037,ES41,Segovia,Calabazas de Fuentidueña
40039,ES41,Segovia,Campo de San Pedro
40040,ES41,Segovia,Cantalejo
40041,ES41,Segovia,Cantimpalos
40161,ES41,Segovia,Carabias
40043,ES41,Segovia,Carbonero el Mayor
40044,ES41,Segovia,Carrascal del Río
40045,ES41,Segovia,Casla
40046,ES41,Segovia,Castillejo de Mesleón
40047,ES41,Segovia,Castro de Fuentidueña
40048,ES41,Segovia,Castrojimeno
40049,ES41,Segovia,Castroserna de Abajo
40051,ES41,Segovia,Castroserracín
40052,ES41,Segovia,Cedillo de la Torre
40053,ES41,Segovia,Cerezo de Abajo
40054,ES41,Segovia,Cerezo de Arriba
40065,ES41,Segovia,Chañe
40055,ES41,Segovia,Cilleruelo de San Mamés
40056,ES41,Segovia,Cobos de Fuentidueña
40057,ES41,Segovia,Coca
40058,ES41,Segovia,Codorniz
40059,ES41,Segovia,Collado Hermoso
40060,ES41,Segovia,Condado de Castilnovo
40061,ES41,Segovia,Corral de Ayllón
40902,ES41,Segovia,Cozuelos de Fuentidueña
40062,ES41,Segovia,Cubillo
40063,ES41,Segovia,Cuéllar
40905,ES41,Segovia,Cuevas de Provanco
40068,ES41,Segovia,Domingo García
40069,ES41,Segovia,Donhierro
40070,ES41,Segovia,Duruelo
40071,ES41,Segovia,Encinas
40072,ES41,Segovia,Encinillas
40073,ES41,Segovia,Escalona del Prado
40074,ES41,Segovia,Escarabajosa de Cabezas
40075,ES41,Segovia,Escobar de Polendos
40076,ES41,Segovia,"Espinar, El"
40077,ES41,Segovia,Espirdo
40078,ES41,Segovia,Fresneda de Cuéllar
40079,ES41,Segovia,Fresno de Cantespino
40080,ES41,Segovia,Fresno de la Fuente
40081,ES41,Segovia,Frumales
40082,ES41,Segovia,Fuente de Santa Cruz
40083,ES41,Segovia,Fuente el Olmo de Fuentidueña
40084,ES41,Segovia,Fuente el Olmo de Íscar
40086,ES41,Segovia,Fuentepelayo
40087,ES41,Segovia,Fuentepiñel
40088,ES41,Segovia,Fuenterrebollo
40089,ES41,Segovia,Fuentesaúco de Fuentidueña
40091,ES41,Segovia,Fuentesoto
40092,ES41,Segovia,Fuentidueña
40093,ES41,Segovia,Gallegos
40094,ES41,Segovia,Garcillán
40095,ES41,Segovia,Gomezserracín
40097,ES41,Segovia,Grajera
40099,ES41,Segovia,Honrubia de la Cuesta
40100,ES41,Segovia,Hontalbilla
40101,ES41,Segovia,Hontanares de Eresma
40103,ES41,Segovia,"Huertos, Los"
40104,ES41,Segovia,Ituero y Lama
40105,ES41,Segovia,Juarros de Riomoros
40106,ES41,Segovia,Juarros de Voltoya
40107,ES41,Segovia,Labajos
40108,ES41,Segovia,Laguna de Contreras
40109,ES41,Segovia,Languilla
40110,ES41,Segovia,Lastras de Cuéllar
40111,ES41,Segovia,Lastras del Pozo
40112,ES41,Segovia,"Lastrilla, La"
40113,ES41,Segovia,"Losa, La"
40115,ES41,Segovia,Maderuelo
40903,ES41,Segovia,Marazoleja
40118,ES41,Segovia,Marazuela
40119,ES41,Segovia,Martín Miguel
40120,ES41,Segovia,Martín Muñoz de la Dehesa
40121,ES41,Segovia,Martín Muñoz de las Posadas
40122,ES41,Segovia,Marugán
40124,ES41,Segovia,Mata de Cuéllar
40123,ES41,Segovia,Matabuena
40125,ES41,Segovia,"Matilla, La"
40126,ES41,Segovia,Melque de Cercos
40127,ES41,Segovia,Membibre de la Hoz
40128,ES41,Segovia,Migueláñez
40129,ES41,Segovia,Montejo de Arévalo
40130,ES41,Segovia,Montejo de la Vega de la Serrezuela
40131,ES41,Segovia,Monterrubio
40132,ES41,Segovia,Moral de Hornuez
40134,ES41,Segovia,Mozoncillo
40135,ES41,Segovia,Muñopedro
40136,ES41,Segovia,Muñoveros
40138,ES41,Segovia,Nava de la Asunción
40139,ES41,Segovia,Navafría
40140,ES41,Segovia,Navalilla
40141,ES41,Segovia,Navalmanzano
40142,ES41,Segovia,Navares de Ayuso
40143,ES41,Segovia,Navares de Enmedio
40144,ES41,Segovia,Navares de las Cuevas
40145,ES41,Segovia,Navas de Oro
40904,ES41,Segovia,Navas de Riofrío
40146,ES41,Segovia,Navas de San Antonio
40148,ES41,Segovia,Nieva
40149,ES41,Segovia,Olombrada
40150,ES41,Segovia,Orejana
40151,ES41,Segovia,Ortigosa de Pestaño
40901,ES41,Segovia,Ortigosa del Monte
40152,ES41,Segovia,Otero de Herreros
40154,ES41,Segovia,Pajarejos
40155,ES41,Segovia,Palazuelos de Eresma
40156,ES41,Segovia,Pedraza
40157,ES41,Segovia,Pelayos del Arroyo
40158,ES41,Segovia,Perosillo
40159,ES41,Segovia,Pinarejos
40160,ES41,Segovia,Pinarnegrillo
40162,ES41,Segovia,Prádena
40163,ES41,Segovia,Puebla de Pedraza
40164,ES41,Segovia,Rapariegos
40181,ES41,Segovia,Real Sitio de San Ildefonso
40165,ES41,Segovia,Rebollo
40166,ES41,Segovia,Remondo
40168,ES41,Segovia,Riaguas de San Bartolomé
40170,ES41,Segovia,Riaza
40171,ES41,Segovia,Ribota
40172,ES41,Segovia,Riofrío de Riaza
40173,ES41,Segovia,Roda de Eresma
40174,ES41,Segovia,Sacramenia
40176,ES41,Segovia,Samboal
40177,ES41,Segovia,San Cristóbal de Cuéllar
40178,ES41,Segovia,San Cristóbal de la Vega
40906,ES41,Segovia,San Cristóbal de Segovia
40182,ES41,Segovia,San Martín y Mudrián
40183,ES41,Segovia,San Miguel de Bernuy
40184,ES41,Segovia,San Pedro de Gaíllos
40179,ES41,Segovia,Sanchonuño
40180,ES41,Segovia,Sangarcía
40185,ES41,Segovia,Santa María la Real de Nieva
40186,ES41,Segovia,Santa Marta del Cerro
40188,ES41,Segovia,Santiuste de Pedraza
40189,ES41,Segovia,Santiuste de San Juan Bautista
40190,ES41,Segovia,Santo Domingo de Pirón
40191,ES41,Segovia,Santo Tomé del Puerto
40192,ES41,Segovia,Sauquillo de Cabezas
40193,ES41,Segovia,Sebúlcor
40194,ES41,Segovia,Segovia
40195,ES41,Segovia,Sepúlveda
40196,ES41,Segovia,Sequera de Fresno
40198,ES41,Segovia,Sotillo
40199,ES41,Segovia,Sotosalbos
40200,ES41,Segovia,Tabanera la Luenga
40201,ES41,Segovia,Tolocirio
40206,ES41,Segovia,Torre Val de San Pedro
40202,ES41,Segovia,Torreadrada
40203,ES41,Segovia,Torrecaballeros
40204,ES41,Segovia,Torrecilla del Pinar
40205,ES41,Segovia,Torreiglesias
40207,ES41,Segovia,Trescasas
40208,ES41,Segovia,Turégano
40210,ES41,Segovia,Urueñas
40211,ES41,Segovia,Valdeprados
40212,ES41,Segovia,Valdevacas de Montejo
40213,ES41,Segovia,Valdevacas y Guijar
40218,ES41,Segovia,Valle de Tabladillo
40219,ES41,Segovia,Vallelado
40220,ES41,Segovia,Valleruela de Pedraza
40221,ES41,Segovia,Valleruela de Sepúlveda
40214,ES41,Segovia,Valseca
40215,ES41,Segovia,Valtiendas
40216,ES41,Segovia,Valverde del Majano
40222,ES41,Segovia,Veganzones
40223,ES41,Segovia,Vegas de Matute
40224,ES41,Segovia,Ventosilla y Tejadilla
40225,ES41,Segovia,Villacastín
40228,ES41,Segovia,Villaverde de Íscar
40229,ES41,Segovia,Villaverde de Montejo
40230,ES41,Segovia,Villeguillo
40231,ES41,Segovia,Yanguas de Eresma
40233,ES41,Segovia,Zarzuela del Monte
40234,ES41,Segovia,Zarzuela del Pinar
41001,ES61,Sevilla,Aguadulce
41002,ES61,Sevilla,Alanís
41003,ES61,Sevilla,Albaida del Aljarafe
41004,ES61,Sevilla,Alcalá de Guadaíra
41005,ES61,Sevilla,Alcalá del Río
41006,ES61,Sevilla,Alcolea del Río
41007,ES61,Sevilla,"Algaba, La"
41008,ES61,Sevilla,Algámitas
41009,ES61,Sevilla,Almadén de la Plata
41010,ES61,Sevilla,Almensilla
41011,ES61,Sevilla,Arahal
41012,ES61,Sevilla,Aznalcázar
41013,ES61,Sevilla,Aznalcóllar
41014,ES61,Sevilla,Badolatosa
41015,ES61,Sevilla,Benacazón
41016,ES61,Sevilla,Bollullos de la Mitación
41017,ES61,Sevilla,Bormujos
41018,ES61,Sevilla,Brenes
41019,ES61,Sevilla,Burguillos
41020,ES61,Sevilla,"Cabezas de San Juan, Las"
41021,ES61,Sevilla,Camas
41022,ES61,Sevilla,"Campana, La"
41023,ES61,Sevilla,Cantillana
41901,ES61,Sevilla,Cañada Rosal
41024,ES61,Sevilla,Carmona
41025,ES61,Sevilla,Carrión de los Céspedes
41026,ES61,Sevilla,Casariche
41027,ES61,Sevilla,Castilblanco de los Arroyos
41028,ES61,Sevilla,Castilleja de Guzmán
41029,ES61,Sevilla,Castilleja de la Cuesta
41030,ES61,Sevilla,Castilleja del Campo
41031,ES61,Sevilla,"Castillo de las Guardas, El"
41032,ES61,Sevilla,Cazalla de la Sierra
41033,ES61,Sevilla,Constantina
41034,ES61,Sevilla,Coria del Río
41035,ES61,Sevilla,Coripe
41036,ES61,Sevilla,"Coronil, El"
41037,ES61,Sevilla,"Corrales, Los"
41903,ES61,Sevilla,"Cuervo de Sevilla, El"
41038,ES61,Sevilla,Dos Hermanas
41039,ES61,Sevilla,Écija
41040,ES61,Sevilla,Espartinas
41041,ES61,Sevilla,Estepa
41042,ES61,Sevilla,Fuentes de Andalucía
41043,ES61,Sevilla,"Garrobo, El"
41044,ES61,Sevilla,Gelves
41045,ES61,Sevilla,Gerena
41046,ES61,Sevilla,Gilena
41047,ES61,Sevilla,Gines
41048,ES61,Sevilla,Guadalcanal
41049,ES61,Sevilla,Guillena
41050,ES61,Sevilla,Herrera
41051,ES61,Sevilla,Huévar del Aljarafe
41902,ES61,Sevilla,Isla Mayor
41052,ES61,Sevilla,Lantejuela
41053,ES61,Sevilla,Lebrija
41054,ES61,Sevilla,Lora de Estepa
41055,ES61,Sevilla,Lora del Río
41056,ES61,Sevilla,"Luisiana, La"
41057,ES61,Sevilla,"Madroño, El"
41058,ES61,Sevilla,Mairena del Alcor
41059,ES61,Sevilla,Mairena del Aljarafe
41060,ES61,Sevilla,Marchena
41061,ES61,Sevilla,Marinaleda
41062,ES61,Sevilla,Martín de la Jara
41063,ES61,Sevilla,"Molares, Los"
41064,ES61,Sevilla,Montellano
41065,ES61,Sevilla,Morón de la Frontera
41066,ES61,Sevilla,"Navas de la Concepción, Las"
41067,ES61,Sevilla,Olivares
41068,ES61,Sevilla,Osuna
41069,ES61,Sevilla,"Palacios y Villafranca, Los"
41904,ES61,Sevilla,"Palmar de Troya, El"
41070,ES61,Sevilla,Palomares del Río
41071,ES61,Sevilla,Paradas
41072,ES61,Sevilla,Pedrera
41073,ES61,Sevilla,"Pedroso, El"
41074,ES61,Sevilla,Peñaflor
41075,ES61,Sevilla,Pilas
41076,ES61,Sevilla,Pruna
41077,ES61,Sevilla,"Puebla de Cazalla, La"
41078,ES61,Sevilla,"Puebla de los Infantes, La"
41079,ES61,Sevilla,"Puebla del Río, La"
41080,ES61,Sevilla,"Real de la Jara, El"
41081,ES61,Sevilla,"Rinconada, La"
41082,ES61,Sevilla,"Roda de Andalucía, La"
41083,ES61,Sevilla,"Ronquillo, El"
41084,ES61,Sevilla,"Rubio, El"
41085,ES61,Sevilla,Salteras
41086,ES61,Sevilla,San Juan de Aznalfarache
41088,ES61,Sevilla,San Nicolás del Puerto
41087,ES61,Sevilla,Sanlúcar la Mayor
41089,ES61,Sevilla,Santiponce
41090,ES61,Sevilla,"Saucejo, El"
41091,ES61,Sevilla,Sevilla
41092,ES61,Sevilla,Tocina
41093,ES61,Sevilla,Tomares
41094,ES61,Sevilla,Umbrete
41095,ES61,Sevilla,Utrera
41096,ES61,Sevilla,Valencina de la Concepción
41097,ES61,Sevilla,Villamanrique de la Condesa
41100,ES61,Sevilla,Villanueva de San Juan
41098,ES61,Sevilla,Villanueva del Ariscal
41099,ES61,Sevilla,Villanueva del Río y Minas
41101,ES61,Sevilla,Villaverde del Río
41102,ES61,Sevilla,"Viso del Alcor, El"
42001,ES41,Soria,Abejar
42003,ES41,Soria,Adradas
42004,ES41,Soria,Ágreda
42006,ES41,Soria,Alconaba
42007,ES41,Soria,Alcubilla de Avellaneda
42008,ES41,Soria,Alcubilla de las Peñas
42009,ES41,Soria,Aldealafuente
42010,ES41,Soria,Aldealices
42011,ES41,Soria,Aldealpozo
42012,ES41,Soria,Aldealseñor
42013,ES41,Soria,Aldehuela de Periáñez
42014,ES41,Soria,"Aldehuelas, Las"
42015,ES41,Soria,Alentisque
42016,ES41,Soria,Aliud
42017,ES41,Soria,Almajano
42018,ES41,Soria,Almaluez
42019,ES41,Soria,Almarza
42020,ES41,Soria,Almazán
42021,ES41,Soria,Almazul
42022,ES41,Soria,Almenar de Soria
42023,ES41,Soria,Alpanseque
42024,ES41,Soria,Arancón
42025,ES41,Soria,Arcos de Jalón
42026,ES41,Soria,Arenillas
42027,ES41,Soria,Arévalo de la Sierra
42028,ES41,Soria,Ausejo de la Sierra
42029,ES41,Soria,Baraona
42030,ES41,Soria,Barca
42031,ES41,Soria,Barcones
42032,ES41,Soria,Bayubas de Abajo
42033,ES41,Soria,Bayubas de Arriba
42034,ES41,Soria,Beratón
42035,ES41,Soria,Berlanga de Duero
42036,ES41,Soria,Blacos
42037,ES41,Soria,Bliecos
42038,ES41,Soria,Borjabad
42039,ES41,Soria,Borobia
42041,ES41,Soria,Buberos
42042,ES41,Soria,Buitrago
42043,ES41,Soria,Burgo de Osma-Ciudad de Osma
42044,ES41,Soria,Cabrejas del Campo
42045,ES41,Soria,Cabrejas del Pinar
42046,ES41,Soria,Calatañazor
42048,ES41,Soria,Caltojar
42049,ES41,Soria,Candilichera
42050,ES41,Soria,Cañamaque
42051,ES41,Soria,Carabantes
42052,ES41,Soria,Caracena
42053,ES41,Soria,Carrascosa de Abajo
42054,ES41,Soria,Carrascosa de la Sierra
42055,ES41,Soria,Casarejos
42056,ES41,Soria,Castilfrío de la Sierra
42058,ES41,Soria,Castillejo de Robledo
42057,ES41,Soria,Castilruiz
42059,ES41,Soria,Centenera de Andaluz
42060,ES41,Soria,Cerbón
42061,ES41,Soria,Cidones
42062,ES41,Soria,Cigudosa
42063,ES41,Soria,Cihuela
42064,ES41,Soria,Ciria
42065,ES41,Soria,Cirujales del Río
42068,ES41,Soria,Coscurita
42069,ES41,Soria,Covaleda
42070,ES41,Soria,Cubilla
42071,ES41,Soria,Cubo de la Solana
42073,ES41,Soria,Cueva de Ágreda
42075,ES41,Soria,Dévanos
42076,ES41,Soria,Deza
42078,ES41,Soria,Duruelo de la Sierra
42079,ES41,Soria,Escobosa de Almazán
42080,ES41,Soria,Espeja de San Marcelino
42081,ES41,Soria,Espejón
42082,ES41,Soria,Estepa de San Juan
42083,ES41,Soria,Frechilla de Almazán
42084,ES41,Soria,Fresno de Caracena
42085,ES41,Soria,Fuentearmegil
42086,ES41,Soria,Fuentecambrón
42087,ES41,Soria,Fuentecantos
42088,ES41,Soria,Fuentelmonge
42089,ES41,Soria,Fuentelsaz de Soria
42090,ES41,Soria,Fuentepinilla
42092,ES41,Soria,Fuentes de Magaña
42093,ES41,Soria,Fuentestrún
42094,ES41,Soria,Garray
42095,ES41,Soria,Golmayo
42096,ES41,Soria,Gómara
42097,ES41,Soria,Gormaz
42098,ES41,Soria,Herrera de Soria
42100,ES41,Soria,Hinojosa del Campo
42103,ES41,Soria,Langa de Duero
42105,ES41,Soria,Liceras
42106,ES41,Soria,"Losilla, La"
42107,ES41,Soria,Magaña
42108,ES41,Soria,Maján
42110,ES41,Soria,Matalebreras
42111,ES41,Soria,Matamala de Almazán
42113,ES41,Soria,Medinaceli
42115,ES41,Soria,Miño de Medinaceli
42116,ES41,Soria,Miño de San Esteban
42117,ES41,Soria,Molinos de Duero
42118,ES41,Soria,Momblona
42119,ES41,Soria,Monteagudo de las Vicarías
42120,ES41,Soria,Montejo de Tiermes
42121,ES41,Soria,Montenegro de Cameros
42123,ES41,Soria,Morón de Almazán
42124,ES41,Soria,Muriel de la Fuente
42125,ES41,Soria,Muriel Viejo
42127,ES41,Soria,Nafría de Ucero
42128,ES41,Soria,Narros
42129,ES41,Soria,Navaleno
42130,ES41,Soria,Nepas
42131,ES41,Soria,Nolay
42132,ES41,Soria,Noviercas
42134,ES41,Soria,Ólvega
42135,ES41,Soria,Oncala
42139,ES41,Soria,Pinilla del Campo
42140,ES41,Soria,Portillo de Soria
42141,ES41,Soria,"Póveda de Soria, La"
42142,ES41,Soria,Pozalmuro
42144,ES41,Soria,Quintana Redonda
42145,ES41,Soria,Quintanas de Gormaz
42148,ES41,Soria,Quiñonería
42149,ES41,Soria,"Rábanos, Los"
42151,ES41,Soria,Rebollar
42152,ES41,Soria,Recuerda
42153,ES41,Soria,Rello
42154,ES41,Soria,Renieblas
42155,ES41,Soria,Retortillo de Soria
42156,ES41,Soria,Reznos
42157,ES41,Soria,"Riba de Escalote, La"
42158,ES41,Soria,Rioseco de Soria
42159,ES41,Soria,Rollamienta
42160,ES41,Soria,"Royo, El"
42161,ES41,Soria,Salduero
42162,ES41,Soria,San Esteban de Gormaz
42163,ES41,Soria,San Felices
42164,ES41,Soria,San Leonardo de Yagüe
42165,ES41,Soria,San Pedro Manrique
42166,ES41,Soria,Santa Cruz de Yanguas
42167,ES41,Soria,Santa María de Huerta
42168,ES41,Soria,Santa María de las Hoyas
42171,ES41,Soria,Serón de Nágima
42172,ES41,Soria,Soliedra
42173,ES41,Soria,Soria
42174,ES41,Soria,Sotillo del Rincón
42175,ES41,Soria,Suellacabras
42176,ES41,Soria,Tajahuerce
42177,ES41,Soria,Tajueco
42178,ES41,Soria,Talveila
42181,ES41,Soria,Tardelcuende
42182,ES41,Soria,Taroda
42183,ES41,Soria,Tejado
42184,ES41,Soria,Torlengua
42185,ES41,Soria,Torreblacos
42187,ES41,Soria,Torrubia de Soria
42188,ES41,Soria,Trévago
42189,ES41,Soria,Ucero
42190,ES41,Soria,Vadillo
42191,ES41,Soria,Valdeavellano de Tera
42192,ES41,Soria,Valdegeña
42193,ES41,Soria,Valdelagua del Cerro
42194,ES41,Soria,Valdemaluque
42195,ES41,Soria,Valdenebro
42196,ES41,Soria,Valdeprado
42197,ES41,Soria,Valderrodilla
42198,ES41,Soria,Valtajeros
42200,ES41,Soria,Velamazán
42201,ES41,Soria,Velilla de la Sierra
42202,ES41,Soria,Velilla de los Ajos
42204,ES41,Soria,Viana de Duero
42205,ES41,Soria,Villaciervos
42206,ES41,Soria,Villanueva de Gormaz
42207,ES41,Soria,Villar del Ala
42208,ES41,Soria,Villar del Campo
42209,ES41,Soria,Villar del Río
42211,ES41,Soria,"Villares de Soria, Los"
42212,ES41,Soria,Villasayas
42213,ES41,Soria,Villaseca de Arciel
42215,ES41,Soria,Vinuesa
42216,ES41,Soria,Vizmanos
42217,ES41,Soria,Vozmediano
42218,ES41,Soria,Yanguas
42219,ES41,Soria,Yelo
43001,ES51,Tarragona,Aiguamúrcia
43002,ES51,Tarragona,Albinyana
43003,ES51,Tarragona,"Albiol, L'"
43004,ES51,Tarragona,Alcanar
43005,ES51,Tarragona,Alcover
43904,ES51,Tarragona,"Aldea, L'"
43006,ES51,Tarragona,Aldover
43007,ES51,Tarragona,"Aleixar, L'"
43008,ES51,Tarragona,Alfara de Carles
43009,ES51,Tarragona,Alforja
43010,ES51,Tarragona,Alió
43011,ES51,Tarragona,Almoster
43012,ES51,Tarragona,Altafulla
43013,ES51,Tarragona,"Ametlla de Mar, L'"
43906,ES51,Tarragona,"Ampolla, L'"
43014,ES51,Tarragona,Amposta
43016,ES51,Tarragona,"Arboç, L'"
43015,ES51,Tarragona,Arbolí
43017,ES51,Tarragona,"Argentera, L'"
43018,ES51,Tarragona,Arnes
43019,ES51,Tarragona,Ascó
43020,ES51,Tarragona,Banyeres del Penedès
43021,ES51,Tarragona,Barberà de la Conca
43022,ES51,Tarragona,Batea
43023,ES51,Tarragona,Bellmunt del Priorat
43024,ES51,Tarragona,Bellvei
43025,ES51,Tarragona,Benifallet
43026,ES51,Tarragona,Benissanet
43027,ES51,Tarragona,"Bisbal de Montsant, La"
43028,ES51,Tarragona,"Bisbal del Penedès, La"
43029,ES51,Tarragona,Blancafort
43030,ES51,Tarragona,Bonastre
43031,ES51,Tarragona,"Borges del Camp, Les"
43032,ES51,Tarragona,Bot
43033,ES51,Tarragona,Botarell
43034,ES51,Tarragona,Bràfim
43035,ES51,Tarragona,Cabacés
43036,ES51,Tarragona,Cabra del Camp
43037,ES51,Tarragona,Calafell
43903,ES51,Tarragona,Camarles
43038,ES51,Tarragona,Cambrils
43907,ES51,Tarragona,"Canonja, La"
43039,ES51,Tarragona,Capafonts
43040,ES51,Tarragona,Capçanes
43041,ES51,Tarragona,Caseres
43042,ES51,Tarragona,Castellvell del Camp
43043,ES51,Tarragona,"Catllar, El"
43045,ES51,Tarragona,Colldejou
43046,ES51,Tarragona,Conesa
43047,ES51,Tarragona,Constantí
43048,ES51,Tarragona,Corbera d'Ebre
43049,ES51,Tarragona,Cornudella de Montsant
43050,ES51,Tarragona,Creixell
43051,ES51,Tarragona,Cunit
43901,ES51,Tarragona,Deltebre
43053,ES51,Tarragona,Duesaigües
43054,ES51,Tarragona,"Espluga de Francolí, L'"
43055,ES51,Tarragona,Falset
43056,ES51,Tarragona,"Fatarella, La"
43057,ES51,Tarragona,"Febró, La"
43058,ES51,Tarragona,"Figuera, La"
43059,ES51,Tarragona,Figuerola del Camp
43060,ES51,Tarragona,Flix
43061,ES51,Tarragona,Forès
43062,ES51,Tarragona,Freginals
43063,ES51,Tarragona,"Galera, La"
43064,ES51,Tarragona,Gandesa
43065,ES51,Tarragona,Garcia
43066,ES51,Tarragona,"Garidells, Els"
43067,ES51,Tarragona,Ginestar
43068,ES51,Tarragona,Godall
43069,ES51,Tarragona,Gratallops
43070,ES51,Tarragona,"Guiamets, Els"
43071,ES51,Tarragona,Horta de Sant Joan
43072,ES51,Tarragona,"Lloar, El"
43073,ES51,Tarragona,Llorac
43074,ES51,Tarragona,Llorenç del Penedès
43076,ES51,Tarragona,Marçà
43075,ES51,Tarragona,Margalef
43077,ES51,Tarragona,Mas de Barberans
43078,ES51,Tarragona,Masdenverge
43079,ES51,Tarragona,Masllorenç
43080,ES51,Tarragona,"Masó, La"
43081,ES51,Tarragona,Maspujols
43082,ES51,Tarragona,"Masroig, El"
43083,ES51,Tarragona,"Milà, El"
43084,ES51,Tarragona,Miravet
43085,ES51,Tarragona,"Molar, El"
43086,ES51,Tarragona,Montblanc
43088,ES51,Tarragona,Montbrió del Camp
43089,ES51,Tarragona,Montferri
43090,ES51,Tarragona,"Montmell, El"
43091,ES51,Tarragona,Mont-ral
43092,ES51,Tarragona,Mont-roig del Camp
43093,ES51,Tarragona,Móra d'Ebre
43094,ES51,Tarragona,Móra la Nova
43095,ES51,Tarragona,"Morell, El"
43096,ES51,Tarragona,"Morera de Montsant, La"
43097,ES51,Tarragona,"Nou de Gaià, La"
43098,ES51,Tarragona,Nulles
43100,ES51,Tarragona,"Pallaresos, Els"
43099,ES51,Tarragona,"Palma d'Ebre, La"
43101,ES51,Tarragona,Passanant i Belltall
43102,ES51,Tarragona,Paüls
43103,ES51,Tarragona,Perafort
43104,ES51,Tarragona,"Perelló, El"
43105,ES51,Tarragona,"Piles, Les"
43106,ES51,Tarragona,"Pinell de Brai, El"
43107,ES51,Tarragona,Pira
43108,ES51,Tarragona,"Pla de Santa Maria, El"
43109,ES51,Tarragona,"Pobla de Mafumet, La"
43110,ES51,Tarragona,"Pobla de Massaluca, La"
43111,ES51,Tarragona,"Pobla de Montornès, La"
43112,ES51,Tarragona,Poboleda
43113,ES51,Tarragona,"Pont d'Armentera, El"
43141,ES51,Tarragona,Pontils
43114,ES51,Tarragona,Porrera
43115,ES51,Tarragona,Pradell de la Teixeta
43116,ES51,Tarragona,Prades
43117,ES51,Tarragona,Prat de Comte
43118,ES51,Tarragona,Pratdip
43119,ES51,Tarragona,Puigpelat
43120,ES51,Tarragona,Querol
43136,ES51,Tarragona,"Ràpita, La"
43121,ES51,Tarragona,Rasquera
43122,ES51,Tarragona,Renau
43123,ES51,Tarragona,Reus
43124,ES51,Tarragona,"Riba, La"
43125,ES51,Tarragona,Riba-roja d'Ebre
43126,ES51,Tarragona,"Riera de Gaià, La"
43127,ES51,Tarragona,Riudecanyes
43128,ES51,Tarragona,Riudecols
43129,ES51,Tarragona,Riudoms
43130,ES51,Tarragona,Rocafort de Queralt
43131,ES51,Tarragona,Roda de Berà
43132,ES51,Tarragona,Rodonyà
43133,ES51,Tarragona,Roquetes
43134,ES51,Tarragona,"Rourell, El"
43135,ES51,Tarragona,Salomó
43905,ES51,Tarragona,Salou
43137,ES51,Tarragona,Sant Jaume dels Domenys
43902,ES51,Tarragona,Sant Jaume d'Enveja
43138,ES51,Tarragona,Santa Bàrbara
43139,ES51,Tarragona,Santa Coloma de Queralt
43140,ES51,Tarragona,Santa Oliva
43142,ES51,Tarragona,Sarral
43143,ES51,Tarragona,Savallà del Comtat
43144,ES51,Tarragona,"Secuita, La"
43145,ES51,Tarragona,"Selva del Camp, La"
43146,ES51,Tarragona,Senan
43044,ES51,Tarragona,"Sénia, La"
43147,ES51,Tarragona,Solivella
43148,ES51,Tarragona,Tarragona
43149,ES51,Tarragona,Tivenys
43150,ES51,Tarragona,Tivissa
43151,ES51,Tarragona,"Torre de Fontaubella, La"
43152,ES51,Tarragona,"Torre de l'Espanyol, La"
43153,ES51,Tarragona,Torredembarra
43154,ES51,Tarragona,Torroja del Priorat
43155,ES51,Tarragona,Tortosa
43156,ES51,Tarragona,Ulldecona
43157,ES51,Tarragona,Ulldemolins
43158,ES51,Tarragona,Vallclara
43159,ES51,Tarragona,Vallfogona de Riucorb
43160,ES51,Tarragona,Vallmoll
43161,ES51,Tarragona,Valls
43162,ES51,Tarragona,Vandellòs i l'Hospitalet de l'Infant
43163,ES51,Tarragona,"Vendrell, El"
43164,ES51,Tarragona,Vespella de Gaià
43165,ES51,Tarragona,Vilabella
43175,ES51,Tarragona,Vilalba dels Arcs
43166,ES51,Tarragona,Vilallonga del Camp
43168,ES51,Tarragona,Vilanova de Prades
43167,ES51,Tarragona,Vilanova d'Escornalbou
43169,ES51,Tarragona,Vilaplana
43170,ES51,Tarragona,Vila-rodona
43171,ES51,Tarragona,Vila-seca
43172,ES51,Tarragona,Vilaverd
43173,ES51,Tarragona,"Vilella Alta, La"
43174,ES51,Tarragona,"Vilella Baixa, La"
43176,ES51,Tarragona,Vimbodí i Poblet
43177,ES51,Tarragona,Vinebre
43178,ES51,Tarragona,Vinyols i els Arcs
43052,ES51,Tarragona,Xerta
44001,ES24,Teruel,Ababuj
44002,ES24,Teruel,Abejuela
44003,ES24,Teruel,Aguatón
44004,ES24,Teruel,Aguaviva
44005,ES24,Teruel,Aguilar del Alfambra
44006,ES24,Teruel,Alacón
44007,ES24,Teruel,Alba
44008,ES24,Teruel,Albalate del Arzobispo
44009,ES24,Teruel,Albarracín
44010,ES24,Teruel,Albentosa
44011,ES24,Teruel,Alcaine
44012,ES24,Teruel,Alcalá de la Selva
44013,ES24,Teruel,Alcañiz
44014,ES24,Teruel,Alcorisa
44016,ES24,Teruel,Alfambra
44017,ES24,Teruel,Aliaga
44021,ES24,Teruel,Allepuz
44022,ES24,Teruel,Alloza
44023,ES24,Teruel,Allueva
44018,ES24,Teruel,Almohaja
44019,ES24,Teruel,Alobras
44020,ES24,Teruel,Alpeñés
44024,ES24,Teruel,Anadón
44025,ES24,Teruel,Andorra
44026,ES24,Teruel,Arcos de las Salinas
44027,ES24,Teruel,Arens de Lledó
44028,ES24,Teruel,Argente
44029,ES24,Teruel,Ariño
44031,ES24,Teruel,Azaila
44032,ES24,Teruel,Bádenas
44033,ES24,Teruel,Báguena
44034,ES24,Teruel,Bañón
44035,ES24,Teruel,Barrachina
44036,ES24,Teruel,Bea
44037,ES24,Teruel,Beceite
44039,ES24,Teruel,Bello
44038,ES24,Teruel,Belmonte de San José
44040,ES24,Teruel,Berge
44041,ES24,Teruel,Bezas
44042,ES24,Teruel,Blancas
44043,ES24,Teruel,Blesa
44044,ES24,Teruel,Bordón
44045,ES24,Teruel,Bronchales
44046,ES24,Teruel,Bueña
44047,ES24,Teruel,Burbáguena
44048,ES24,Teruel,Cabra de Mora
44049,ES24,Teruel,Calaceite
44050,ES24,Teruel,Calamocha
44051,ES24,Teruel,Calanda
44052,ES24,Teruel,Calomarde
44053,ES24,Teruel,Camañas
44054,ES24,Teruel,Camarena de la Sierra
44055,ES24,Teruel,Camarillas
44056,ES24,Teruel,Caminreal
44059,ES24,Teruel,Cantavieja
44060,ES24,Teruel,Cañada de Benatanduz
44061,ES24,Teruel,"Cañada de Verich, La"
44062,ES24,Teruel,Cañada Vellida
44063,ES24,Teruel,Cañizar del Olivar
44064,ES24,Teruel,Cascante del Río
44065,ES24,Teruel,Castejón de Tornos
44066,ES24,Teruel,Castel de Cabra
44070,ES24,Teruel,"Castellar, El"
44071,ES24,Teruel,Castellote
44067,ES24,Teruel,Castelnou
44068,ES24,Teruel,Castelserás
44074,ES24,Teruel,Cedrillas
44075,ES24,Teruel,Celadas
44076,ES24,Teruel,Cella
44077,ES24,Teruel,"Cerollera, La"
44080,ES24,Teruel,"Codoñera, La"
44082,ES24,Teruel,Corbalán
44084,ES24,Teruel,Cortes de Aragón
44085,ES24,Teruel,Cosa
44086,ES24,Teruel,Cretas
44087,ES24,Teruel,Crivillén
44088,ES24,Teruel,"Cuba, La"
44089,ES24,Teruel,Cubla
44090,ES24,Teruel,Cucalón
44092,ES24,Teruel,"Cuervo, El"
44093,ES24,Teruel,Cuevas de Almudén
44094,ES24,Teruel,Cuevas Labradas
44096,ES24,Teruel,Ejulve
44097,ES24,Teruel,Escorihuela
44099,ES24,Teruel,Escucha
44100,ES24,Teruel,Estercuel
44101,ES24,Teruel,Ferreruela de Huerva
44102,ES24,Teruel,Fonfría
44103,ES24,Teruel,Formiche Alto
44105,ES24,Teruel,Fórnoles
44106,ES24,Teruel,Fortanete
44107,ES24,Teruel,Foz-Calanda
44108,ES24,Teruel,"Fresneda, La"
44109,ES24,Teruel,Frías de Albarracín
44110,ES24,Teruel,Fuenferrada
44111,ES24,Teruel,Fuentes Calientes
44112,ES24,Teruel,Fuentes Claras
44113,ES24,Teruel,Fuentes de Rubielos
44114,ES24,Teruel,Fuentespalda
44115,ES24,Teruel,Galve
44116,ES24,Teruel,Gargallo
44117,ES24,Teruel,Gea de Albarracín
44118,ES24,Teruel,"Ginebrosa, La"
44119,ES24,Teruel,Griegos
44120,ES24,Teruel,Guadalaviar
44121,ES24,Teruel,Gúdar
44122,ES24,Teruel,Híjar
44123,ES24,Teruel,Hinojosa de Jarque
44124,ES24,Teruel,"Hoz de la Vieja, La"
44125,ES24,Teruel,Huesa del Común
44126,ES24,Teruel,"Iglesuela del Cid, La"
44127,ES24,Teruel,Jabaloyas
44128,ES24,Teruel,Jarque de la Val
44129,ES24,Teruel,Jatiel
44130,ES24,Teruel,Jorcas
44131,ES24,Teruel,Josa
44132,ES24,Teruel,Lagueruela
44133,ES24,Teruel,Lanzuela
44135,ES24,Teruel,Libros
44136,ES24,Teruel,Lidón
44137,ES24,Teruel,Linares de Mora
44141,ES24,Teruel,Lledó
44138,ES24,Teruel,Loscos
44142,ES24,Teruel,Maicas
44143,ES24,Teruel,Manzanera
44144,ES24,Teruel,Martín del Río
44145,ES24,Teruel,Mas de las Matas
44146,ES24,Teruel,"Mata de los Olmos, La"
44147,ES24,Teruel,Mazaleón
44148,ES24,Teruel,Mezquita de Jarque
44149,ES24,Teruel,Mirambel
44150,ES24,Teruel,Miravete de la Sierra
44151,ES24,Teruel,Molinos
44152,ES24,Teruel,Monforte de Moyuela
44153,ES24,Teruel,Monreal del Campo
44154,ES24,Teruel,Monroyo
44155,ES24,Teruel,Montalbán
44156,ES24,Teruel,Monteagudo del Castillo
44157,ES24,Teruel,Monterde de Albarracín
44158,ES24,Teruel,Mora de Rubielos
44159,ES24,Teruel,Moscardón
44160,ES24,Teruel,Mosqueruela
44161,ES24,Teruel,Muniesa
44163,ES24,Teruel,Noguera de Albarracín
44164,ES24,Teruel,Nogueras
44165,ES24,Teruel,Nogueruelas
44167,ES24,Teruel,Obón
44168,ES24,Teruel,Odón
44169,ES24,Teruel,Ojos Negros
44171,ES24,Teruel,Olba
44172,ES24,Teruel,Oliete
44173,ES24,Teruel,"Olmos, Los"
44174,ES24,Teruel,Orihuela del Tremedal
44175,ES24,Teruel,Orrios
44176,ES24,Teruel,Palomar de Arroyos
44177,ES24,Teruel,Pancrudo
44178,ES24,Teruel,"Parras de Castellote, Las"
44179,ES24,Teruel,Peñarroya de Tastavins
44180,ES24,Teruel,Peracense
44181,ES24,Teruel,Peralejos
44182,ES24,Teruel,Perales del Alfambra
44183,ES24,Teruel,Pitarque
44184,ES24,Teruel,Plou
44185,ES24,Teruel,"Pobo, El"
44187,ES24,Teruel,"Portellada, La"
44189,ES24,Teruel,Pozondón
44190,ES24,Teruel,Pozuel del Campo
44191,ES24,Teruel,"Puebla de Híjar, La"
44192,ES24,Teruel,"Puebla de Valverde, La"
44193,ES24,Teruel,Puertomingalvo
44194,ES24,Teruel,Ráfales
44195,ES24,Teruel,Rillo
44196,ES24,Teruel,Riodeva
44197,ES24,Teruel,Ródenas
44198,ES24,Teruel,Royuela
44199,ES24,Teruel,Rubiales
44200,ES24,Teruel,Rubielos de la Cérida
44201,ES24,Teruel,Rubielos de Mora
44203,ES24,Teruel,Salcedillo
44204,ES24,Teruel,Saldón
44205,ES24,Teruel,Samper de Calanda
44206,ES24,Teruel,San Agustín
44207,ES24,Teruel,San Martín del Río
44208,ES24,Teruel,Santa Cruz de Nogueras
44209,ES24,Teruel,Santa Eulalia
44210,ES24,Teruel,Sarrión
44211,ES24,Teruel,Segura de los Baños
44212,ES24,Teruel,Seno
44213,ES24,Teruel,Singra
44215,ES24,Teruel,Terriente
44216,ES24,Teruel,Teruel
44217,ES24,Teruel,Toril y Masegoso
44218,ES24,Teruel,Tormón
44219,ES24,Teruel,Tornos
44220,ES24,Teruel,Torralba de los Sisones
44223,ES24,Teruel,Torre de Arcas
44224,ES24,Teruel,Torre de las Arcas
44225,ES24,Teruel,Torre del Compte
44227,ES24,Teruel,Torre los Negros
44221,ES24,Teruel,Torrecilla de Alcañiz
44222,ES24,Teruel,Torrecilla del Rebollar
44226,ES24,Teruel,Torrelacárcel
44228,ES24,Teruel,Torremocha de Jiloca
44229,ES24,Teruel,Torres de Albarracín
44230,ES24,Teruel,Torrevelilla
44231,ES24,Teruel,Torrijas
44232,ES24,Teruel,Torrijo del Campo
44234,ES24,Teruel,Tramacastiel
44235,ES24,Teruel,Tramacastilla
44236,ES24,Teruel,Tronchón
44237,ES24,Teruel,Urrea de Gaén
44238,ES24,Teruel,Utrillas
44239,ES24,Teruel,Valacloche
44240,ES24,Teruel,Valbona
44241,ES24,Teruel,Valdealgorfa
44243,ES24,Teruel,Valdecuenca
44244,ES24,Teruel,Valdelinares
44245,ES24,Teruel,Valdeltormo
44246,ES24,Teruel,Valderrobres
44247,ES24,Teruel,Valjunquera
44249,ES24,Teruel,"Vallecillo, El"
44250,ES24,Teruel,Veguillas de la Sierra
44251,ES24,Teruel,Villafranca del Campo
44252,ES24,Teruel,Villahermosa del Campo
44256,ES24,Teruel,Villanueva del Rebollar de la Sierra
44257,ES24,Teruel,Villar del Cobo
44258,ES24,Teruel,Villar del Salz
44260,ES24,Teruel,Villarluengo
44261,ES24,Teruel,Villarquemado
44262,ES24,Teruel,Villarroya de los Pinares
44263,ES24,Teruel,Villastar
44264,ES24,Teruel,Villel
44265,ES24,Teruel,Vinaceite
44266,ES24,Teruel,Visiedo
44267,ES24,Teruel,Vivel del Río Martín
44268,ES24,Teruel,"Zoma, La"
45001,ES42,Toledo,Ajofrín
45002,ES42,Toledo,Alameda de la Sagra
45003,ES42,Toledo,Albarreal de Tajo
45004,ES42,Toledo,Alcabón
45005,ES42,Toledo,Alcañizo
45006,ES42,Toledo,Alcaudete de la Jara
45007,ES42,Toledo,Alcolea de Tajo
45008,ES42,Toledo,Aldea en Cabo
45009,ES42,Toledo,Aldeanueva de Barbarroya
45010,ES42,Toledo,Aldeanueva de San Bartolomé
45011,ES42,Toledo,Almendral de la Cañada
45012,ES42,Toledo,Almonacid de Toledo
45013,ES42,Toledo,Almorox
45014,ES42,Toledo,Añover de Tajo
45015,ES42,Toledo,Arcicóllar
45016,ES42,Toledo,Argés
45017,ES42,Toledo,Azután
45018,ES42,Toledo,Barcience
45019,ES42,Toledo,Bargas
45020,ES42,Toledo,Belvís de la Jara
45021,ES42,Toledo,Borox
45022,ES42,Toledo,Buenaventura
45023,ES42,Toledo,Burguillos de Toledo
45024,ES42,Toledo,Burujón
45025,ES42,Toledo,Cabañas de la Sagra
45026,ES42,Toledo,Cabañas de Yepes
45027,ES42,Toledo,Cabezamesada
45028,ES42,Toledo,Calera y Chozas
45029,ES42,Toledo,Caleruela
45030,ES42,Toledo,Calzada de Oropesa
45031,ES42,Toledo,Camarena
45032,ES42,Toledo,Camarenilla
45033,ES42,Toledo,"Campillo de la Jara, El"
45034,ES42,Toledo,Camuñas
45035,ES42,Toledo,Cardiel de los Montes
45036,ES42,Toledo,Carmena
45037,ES42,Toledo,"Carpio de Tajo, El"
45038,ES42,Toledo,Carranque
45039,ES42,Toledo,Carriches
45040,ES42,Toledo,"Casar de Escalona, El"
45041,ES42,Toledo,Casarrubios del Monte
45042,ES42,Toledo,Casasbuenas
45043,ES42,Toledo,Castillo de Bayuela
45045,ES42,Toledo,Cazalegas
45046,ES42,Toledo,Cebolla
45047,ES42,Toledo,Cedillo del Condado
45048,ES42,Toledo,"Cerralbos, Los"
45049,ES42,Toledo,Cervera de los Montes
45056,ES42,Toledo,Chozas de Canales
45057,ES42,Toledo,Chueca
45050,ES42,Toledo,Ciruelos
45051,ES42,Toledo,Cobeja
45052,ES42,Toledo,Cobisa
45053,ES42,Toledo,Consuegra
45054,ES42,Toledo,Corral de Almaguer
45055,ES42,Toledo,Cuerva
45058,ES42,Toledo,Domingo Pérez
45059,ES42,Toledo,Dosbarrios
45060,ES42,Toledo,Erustes
45061,ES42,Toledo,Escalona
45062,ES42,Toledo,Escalonilla
45063,ES42,Toledo,Espinoso del Rey
45064,ES42,Toledo,Esquivias
45065,ES42,Toledo,"Estrella, La"
45066,ES42,Toledo,Fuensalida
45067,ES42,Toledo,Gálvez
45068,ES42,Toledo,Garciotum
45069,ES42,Toledo,Gerindote
45070,ES42,Toledo,Guadamur
45071,ES42,Toledo,"Guardia, La"
45072,ES42,Toledo,"Herencias, Las"
45073,ES42,Toledo,Herreruela de Oropesa
45074,ES42,Toledo,Hinojosa de San Vicente
45075,ES42,Toledo,Hontanar
45076,ES42,Toledo,Hormigos
45077,ES42,Toledo,Huecas
45078,ES42,Toledo,Huerta de Valdecarábanos
45079,ES42,Toledo,"Iglesuela del Tiétar, La"
45080,ES42,Toledo,Illán de Vacas
45081,ES42,Toledo,Illescas
45082,ES42,Toledo,Lagartera
45083,ES42,Toledo,Layos
45084,ES42,Toledo,Lillo
45085,ES42,Toledo,Lominchar
45086,ES42,Toledo,Lucillos
45087,ES42,Toledo,Madridejos
45088,ES42,Toledo,Magán
45089,ES42,Toledo,Malpica de Tajo
45090,ES42,Toledo,Manzaneque
45091,ES42,Toledo,Maqueda
45092,ES42,Toledo,Marjaliza
45093,ES42,Toledo,Marrupe
45094,ES42,Toledo,Mascaraque
45095,ES42,Toledo,"Mata, La"
45096,ES42,Toledo,Mazarambroz
45097,ES42,Toledo,Mejorada
45098,ES42,Toledo,Menasalbas
45099,ES42,Toledo,Méntrida
45100,ES42,Toledo,Mesegar de Tajo
45101,ES42,Toledo,Miguel Esteban
45102,ES42,Toledo,Mocejón
45103,ES42,Toledo,Mohedas de la Jara
45104,ES42,Toledo,Montearagón
45105,ES42,Toledo,Montesclaros
45106,ES42,Toledo,Mora
45107,ES42,Toledo,Nambroca
45108,ES42,Toledo,"Nava de Ricomalillo, La"
45109,ES42,Toledo,Navahermosa
45110,ES42,Toledo,Navalcán
45111,ES42,Toledo,Navalmoralejo
45112,ES42,Toledo,"Navalmorales, Los"
45113,ES42,Toledo,"Navalucillos, Los"
45114,ES42,Toledo,Navamorcuende
45115,ES42,Toledo,Noblejas
45116,ES42,Toledo,Noez
45117,ES42,Toledo,Nombela
45118,ES42,Toledo,Novés
45119,ES42,Toledo,Numancia de la Sagra
45120,ES42,Toledo,Nuño Gómez
45121,ES42,Toledo,Ocaña
45122,ES42,Toledo,Olías del Rey
45123,ES42,Toledo,Ontígola
45124,ES42,Toledo,Orgaz
45125,ES42,Toledo,Oropesa
45126,ES42,Toledo,Otero
45127,ES42,Toledo,Palomeque
45128,ES42,Toledo,Pantoja
45129,ES42,Toledo,Paredes de Escalona
45130,ES42,Toledo,Parrillas
45131,ES42,Toledo,Pelahustán
45132,ES42,Toledo,Pepino
45133,ES42,Toledo,Polán
45134,ES42,Toledo,Portillo de Toledo
45135,ES42,Toledo,"Puebla de Almoradiel, La"
45136,ES42,Toledo,"Puebla de Montalbán, La"
45137,ES42,Toledo,"Pueblanueva, La"
45138,ES42,Toledo,"Puente del Arzobispo, El"
45139,ES42,Toledo,Puerto de San Vicente
45140,ES42,Toledo,Pulgar
45141,ES42,Toledo,Quero
45142,ES42,Toledo,Quintanar de la Orden
45143,ES42,Toledo,Quismondo
45144,ES42,Toledo,"Real de San Vicente, El"
45145,ES42,Toledo,Recas
45146,ES42,Toledo,Retamoso de la Jara
45147,ES42,Toledo,Rielves
45148,ES42,Toledo,Robledo del Mazo
45149,ES42,Toledo,"Romeral, El"
45150,ES42,Toledo,San Bartolomé de las Abiertas
45151,ES42,Toledo,San Martín de Montalbán
45152,ES42,Toledo,San Martín de Pusa
45153,ES42,Toledo,San Pablo de los Montes
45154,ES42,Toledo,San Román de los Montes
45155,ES42,Toledo,Santa Ana de Pusa
45156,ES42,Toledo,Santa Cruz de la Zarza
45157,ES42,Toledo,Santa Cruz del Retamar
45158,ES42,Toledo,Santa Olalla
45901,ES42,Toledo,Santo Domingo-Caudilla
45159,ES42,Toledo,Sartajada
45160,ES42,Toledo,Segurilla
45161,ES42,Toledo,Seseña
45162,ES42,Toledo,Sevilleja de la Jara
45163,ES42,Toledo,Sonseca
45164,ES42,Toledo,Sotillo de las Palomas
45165,ES42,Toledo,Talavera de la Reina
45166,ES42,Toledo,Tembleque
45167,ES42,Toledo,"Toboso, El"
45168,ES42,Toledo,Toledo
45169,ES42,Toledo,Torralba de Oropesa
45171,ES42,Toledo,"Torre de Esteban Hambrán, La"
45170,ES42,Toledo,Torrecilla de la Jara
45172,ES42,Toledo,Torrico
45173,ES42,Toledo,Torrijos
45174,ES42,Toledo,Totanés
45175,ES42,Toledo,Turleque
45176,ES42,Toledo,Ugena
45177,ES42,Toledo,Urda
45179,ES42,Toledo,Valdeverdeja
45180,ES42,Toledo,Valmojado
45181,ES42,Toledo,Velada
45182,ES42,Toledo,"Ventas con Peña Aguilera, Las"
45183,ES42,Toledo,"Ventas de Retamosa, Las"
45184,ES42,Toledo,"Ventas de San Julián, Las"
45186,ES42,Toledo,"Villa de Don Fadrique, La"
45185,ES42,Toledo,Villacañas
45187,ES42,Toledo,Villafranca de los Caballeros
45188,ES42,Toledo,Villaluenga de la Sagra
45189,ES42,Toledo,Villamiel de Toledo
45190,ES42,Toledo,Villaminaya
45191,ES42,Toledo,Villamuelas
45192,ES42,Toledo,Villanueva de Alcardete
45193,ES42,Toledo,Villanueva de Bogas
45194,ES42,Toledo,Villarejo de Montalbán
45195,ES42,Toledo,Villarrubia de Santiago
45196,ES42,Toledo,Villaseca de la Sagra
45197,ES42,Toledo,Villasequilla
45198,ES42,Toledo,Villatobas
45199,ES42,Toledo,"Viso de San Juan, El"
45200,ES42,Toledo,"Yébenes, Los"
45201,ES42,Toledo,Yeles
45202,ES42,Toledo,Yepes
45203,ES42,Toledo,Yuncler
45204,ES42,Toledo,Yunclillos
45205,ES42,Toledo,Yuncos
46001,ES52,Valencia/València,Ademuz
46002,ES52,Valencia/València,Ador
46004,ES52,Valencia/València,Agullent
46042,ES52,Valencia/València,Aielo de Malferit
46043,ES52,Valencia/València,Aielo de Rugat
46005,ES52,Valencia/València,Alaquàs
46006,ES52,Valencia/València,Albaida
46007,ES52,Valencia/València,Albal
46008,ES52,Valencia/València,Albalat de la Ribera
46009,ES52,Valencia/València,Albalat dels Sorells
46010,ES52,Valencia/València,Albalat dels Tarongers
46011,ES52,Valencia/València,Alberic
46012,ES52,Valencia/València,Alborache
46013,ES52,Valencia/València,Alboraia/Alboraya
46014,ES52,Valencia/València,Albuixech
46016,ES52,Valencia/València,Alcàntera de Xúquer
46015,ES52,Valencia/València,Alcàsser
46018,ES52,Valencia/València,Alcublas
46020,ES52,Valencia/València,"Alcúdia de Crespins, l'"
46019,ES52,Valencia/València,"Alcúdia, l'"
46021,ES52,Valencia/València,Aldaia
46022,ES52,Valencia/València,Alfafar
46024,ES52,Valencia/València,Alfara de la Baronia
46025,ES52,Valencia/València,Alfara del Patriarca
46026,ES52,Valencia/València,Alfarb
46027,ES52,Valencia/València,Alfarrasí
46023,ES52,Valencia/València,Alfauir
46028,ES52,Valencia/València,Algar de Palància
46029,ES52,Valencia/València,Algemesí
46030,ES52,Valencia/València,Algímia d'Alfara
46031,ES52,Valencia/València,Alginet
46032,ES52,Valencia/València,Almàssera
46033,ES52,Valencia/València,Almiserà
46034,ES52,Valencia/València,Almoines
46035,ES52,Valencia/València,Almussafes
46036,ES52,Valencia/València,Alpuente
46037,ES52,Valencia/València,"Alqueria de la Comtessa, l'"
46017,ES52,Valencia/València,Alzira
46038,ES52,Valencia/València,Andilla
46039,ES52,Valencia/València,Anna
46040,ES52,Valencia/València,Antella
46041,ES52,Valencia/València,Aras de los Olmos
46003,ES52,Valencia/València,Atzeneta d'Albaida
46044,ES52,Valencia/València,Ayora
46046,ES52,Valencia/València,Barx
46045,ES52,Valencia/València,Barxeta
46047,ES52,Valencia/València,Bèlgida
46048,ES52,Valencia/València,Bellreguard
46049,ES52,Valencia/València,Bellús
46050,ES52,Valencia/València,Benagéber
46051,ES52,Valencia/València,Benaguasil
46052,ES52,Valencia/València,Benavites
46053,ES52,Valencia/València,Beneixida
46054,ES52,Valencia/València,Benetússer
46055,ES52,Valencia/València,Beniarjó
46056,ES52,Valencia/València,Beniatjar
46057,ES52,Valencia/València,Benicolet
46904,ES52,Valencia/València,Benicull de Xúquer
46060,ES52,Valencia/València,Benifaió
46059,ES52,Valencia/València,Benifairó de la Valldigna
46058,ES52,Valencia/València,Benifairó de les Valls
46061,ES52,Valencia/València,Beniflá
46062,ES52,Valencia/València,Benigànim
46063,ES52,Valencia/València,Benimodo
46064,ES52,Valencia/València,Benimuslem
46065,ES52,Valencia/València,Beniparrell
46066,ES52,Valencia/València,Benirredrà
46067,ES52,Valencia/València,Benissanó
46068,ES52,Valencia/València,Benissoda
46069,ES52,Valencia/València,Benissuera
46070,ES52,Valencia/València,Bétera
46071,ES52,Valencia/València,Bicorp
46072,ES52,Valencia/València,Bocairent
46073,ES52,Valencia/València,Bolbaite
46074,ES52,Valencia/València,Bonrepòs i Mirambell
46075,ES52,Valencia/València,Bufali
46076,ES52,Valencia/València,Bugarra
46077,ES52,Valencia/València,Buñol
46078,ES52,Valencia/València,Burjassot
46079,ES52,Valencia/València,Calles
46080,ES52,Valencia/València,Camporrobles
46081,ES52,Valencia/València,Canals
46082,ES52,Valencia/València,Canet d'En Berenguer
46083,ES52,Valencia/València,Carcaixent
46084,ES52,Valencia/València,Càrcer
46085,ES52,Valencia/València,Carlet
46086,ES52,Valencia/València,Carrícola
46087,ES52,Valencia/València,Casas Altas
46088,ES52,Valencia/València,Casas Bajas
46089,ES52,Valencia/València,Casinos
46257,ES52,Valencia/València,Castelló
46090,ES52,Valencia/València,Castelló de Rugat
46091,ES52,Valencia/València,Castellonet de la Conquesta
46092,ES52,Valencia/València,Castielfabib
46093,ES52,Valencia/València,Catadau
46094,ES52,Valencia/València,Catarroja
46095,ES52,Valencia/València,Caudete de las Fuentes
46096,ES52,Valencia/València,Cerdà
46107,ES52,Valencia/València,Chella
46106,ES52,Valencia/València,Chelva
46108,ES52,Valencia/València,Chera
46109,ES52,Valencia/València,Cheste
46111,ES52,Valencia/València,Chiva
46112,ES52,Valencia/València,Chulilla
46097,ES52,Valencia/València,Cofrentes
46098,ES52,Valencia/València,Corbera
46099,ES52,Valencia/València,Cortes de Pallás
46100,ES52,Valencia/València,Cotes
46105,ES52,Valencia/València,Cullera
46113,ES52,Valencia/València,Daimús
46114,ES52,Valencia/València,Domeño
46115,ES52,Valencia/València,Dos Aguas
46116,ES52,Valencia/València,"Eliana, l'"
46117,ES52,Valencia/València,Emperador
46118,ES52,Valencia/València,Enguera
46119,ES52,Valencia/València,"Énova, l'"
46120,ES52,Valencia/València,Estivella
46121,ES52,Valencia/València,Estubeny
46122,ES52,Valencia/València,Faura
46123,ES52,Valencia/València,Favara
46126,ES52,Valencia/València,Foios
46128,ES52,Valencia/València,"Font de la Figuera, la"
46127,ES52,Valencia/València,"Font d'en Carròs, la"
46124,ES52,Valencia/València,Fontanars dels Alforins
46125,ES52,Valencia/València,Fortaleny
46129,ES52,Valencia/València,Fuenterrobles
46131,ES52,Valencia/València,Gandia
46902,ES52,Valencia/València,Gátova
46130,ES52,Valencia/València,Gavarda
46132,ES52,Valencia/València,"Genovés, el"
46133,ES52,Valencia/València,Gestalgar
46134,ES52,Valencia/València,Gilet
46135,ES52,Valencia/València,Godella
46136,ES52,Valencia/València,Godelleta
46137,ES52,Valencia/València,"Granja de la Costera, la"
46138,ES52,Valencia/València,Guadasséquies
46139,ES52,Valencia/València,Guadassuar
46140,ES52,Valencia/València,Guardamar de la Safor
46141,ES52,Valencia/València,Higueruelas
46142,ES52,Valencia/València,Jalance
46144,ES52,Valencia/València,Jarafuel
46154,ES52,Valencia/València,Llanera de Ranes
46155,ES52,Valencia/València,Llaurí
46147,ES52,Valencia/València,Llíria
46152,ES52,Valencia/València,Llocnou de la Corona
46153,ES52,Valencia/València,Llocnou de Sant Jeroni
46151,ES52,Valencia/València,Llocnou d'En Fenollet
46156,ES52,Valencia/València,Llombai
46157,ES52,Valencia/València,"Llosa de Ranes, la"
46150,ES52,Valencia/València,Llutxent
46148,ES52,Valencia/València,Loriguilla
46149,ES52,Valencia/València,Losa del Obispo
46158,ES52,Valencia/València,Macastre
46159,ES52,Valencia/València,Manises
46160,ES52,Valencia/València,Manuel
46161,ES52,Valencia/València,Marines
46162,ES52,Valencia/València,Massalavés
46163,ES52,Valencia/València,Massalfassar
46164,ES52,Valencia/València,Massamagrell
46165,ES52,Valencia/València,Massanassa
46166,ES52,Valencia/València,Meliana
46167,ES52,Valencia/València,Millares
46168,ES52,Valencia/València,Miramar
46169,ES52,Valencia/València,Mislata
46170,ES52,Valencia/València,Moixent/Mogente
46171,ES52,Valencia/València,Montcada/Moncada
46173,ES52,Valencia/València,Montaverner
46174,ES52,Valencia/València,Montesa
46175,ES52,Valencia/València,Montitxelvo/Montichelvo
46176,ES52,Valencia/València,Montroi/Montroy
46172,ES52,Valencia/València,Montserrat
46177,ES52,Valencia/València,Museros
46178,ES52,Valencia/València,Nàquera/Náquera
46179,ES52,Valencia/València,Navarrés
46180,ES52,Valencia/València,Novetlè
46181,ES52,Valencia/València,Oliva
46183,ES52,Valencia/València,"Olleria, l'"
46182,ES52,Valencia/València,Olocau
46184,ES52,Valencia/València,Ontinyent
46185,ES52,Valencia/València,Otos
46186,ES52,Valencia/València,Paiporta
46187,ES52,Valencia/València,Palma de Gandía
46188,ES52,Valencia/València,Palmera
46189,ES52,Valencia/València,"Palomar, el"
46190,ES52,Valencia/València,Paterna
46191,ES52,Valencia/València,Pedralba
46192,ES52,Valencia/València,Petrés
46193,ES52,Valencia/València,Picanya
46194,ES52,Valencia/València,Picassent
46195,ES52,Valencia/València,Piles
46196,ES52,Valencia/València,Pinet
46199,ES52,Valencia/València,"Pobla de Farnals, la"
46202,ES52,Valencia/València,"Pobla de Vallbona, la"
46200,ES52,Valencia/València,"Pobla del Duc, la"
46203,ES52,Valencia/València,"Pobla Llarga, la"
46197,ES52,Valencia/València,Polinyà de Xúquer
46198,ES52,Valencia/València,Potries
46205,ES52,Valencia/València,Puçol
46201,ES52,Valencia/València,Puebla de San Miguel
46204,ES52,Valencia/València,"Puig de Santa Maria, el"
46101,ES52,Valencia/València,Quart de les Valls
46102,ES52,Valencia/València,Quart de Poblet
46103,ES52,Valencia/València,Quartell
46104,ES52,Valencia/València,Quatretonda
46206,ES52,Valencia/València,Quesa
46207,ES52,Valencia/València,Rafelbunyol
46208,ES52,Valencia/València,Rafelcofer
46209,ES52,Valencia/València,Rafelguaraf
46210,ES52,Valencia/València,Ráfol de Salem
46212,ES52,Valencia/València,Real
46211,ES52,Valencia/València,"Real de Gandia, el"
46213,ES52,Valencia/València,Requena
46214,ES52,Valencia/València,Riba-roja de Túria
46215,ES52,Valencia/València,Riola
46216,ES52,Valencia/València,Rocafort
46217,ES52,Valencia/València,Rotglà i Corberà
46218,ES52,Valencia/València,Ròtova
46219,ES52,Valencia/València,Rugat
46220,ES52,Valencia/València,Sagunt/Sagunto
46221,ES52,Valencia/València,Salem
46903,ES52,Valencia/València,San Antonio de Benagéber
46222,ES52,Valencia/València,Sant Joanet
46223,ES52,Valencia/València,Sedaví
46224,ES52,Valencia/València,Segart
46225,ES52,Valencia/València,Sellent
46226,ES52,Valencia/València,Sempere
46227,ES52,Valencia/València,Senyera
46228,ES52,Valencia/València,Serra
46229,ES52,Valencia/València,Siete Aguas
46230,ES52,Valencia/València,Silla
46231,ES52,Valencia/València,Simat de la Valldigna
46232,ES52,Valencia/València,Sinarcas
46233,ES52,Valencia/València,Sollana
46234,ES52,Valencia/València,Sot de Chera
46235,ES52,Valencia/València,Sueca
46236,ES52,Valencia/València,Sumacàrcer
46237,ES52,Valencia/València,Tavernes Blanques
46238,ES52,Valencia/València,Tavernes de la Valldigna
46239,ES52,Valencia/València,Teresa de Cofrentes
46240,ES52,Valencia/València,Terrateig
46241,ES52,Valencia/València,Titaguas
46242,ES52,Valencia/València,Torrebaja
46243,ES52,Valencia/València,Torrella
46244,ES52,Valencia/València,Torrent
46245,ES52,Valencia/València,Torres Torres
46246,ES52,Valencia/València,Tous
46247,ES52,Valencia/València,Tuéjar
46248,ES52,Valencia/València,Turís
46249,ES52,Valencia/València,Utiel
46250,ES52,Valencia/València,València
46251,ES52,Valencia/València,Vallada
46252,ES52,Valencia/València,Vallanca
46253,ES52,Valencia/València,Vallés
46254,ES52,Valencia/València,Venta del Moro
46255,ES52,Valencia/València,Vilallonga/Villalonga
46256,ES52,Valencia/València,Vilamarxant
46258,ES52,Valencia/València,Villar del Arzobispo
46259,ES52,Valencia/València,Villargordo del Cabriel
46260,ES52,Valencia/València,Vinalesa
46145,ES52,Valencia/València,Xàtiva
46143,ES52,Valencia/València,Xeraco
46146,ES52,Valencia/València,Xeresa
46110,ES52,Valencia/València,Xirivella
46261,ES52,Valencia/València,Yátova
46262,ES52,Valencia/València,"Yesa, La"
46263,ES52,Valencia/València,Zarra
47001,ES41,Valladolid,Adalia
47002,ES41,Valladolid,Aguasal
47003,ES41,Valladolid,Aguilar de Campos
47004,ES41,Valladolid,Alaejos
47005,ES41,Valladolid,Alcazarén
47006,ES41,Valladolid,Aldea de San Miguel
47007,ES41,Valladolid,Aldeamayor de San Martín
47008,ES41,Valladolid,Almenara de Adaja
47009,ES41,Valladolid,Amusquillo
47010,ES41,Valladolid,Arroyo de la Encomienda
47011,ES41,Valladolid,Ataquines
47012,ES41,Valladolid,Bahabón
47013,ES41,Valladolid,Barcial de la Loma
47014,ES41,Valladolid,Barruelo del Valle
47015,ES41,Valladolid,Becilla de Valderaduey
47016,ES41,Valladolid,Benafarces
47017,ES41,Valladolid,Bercero
47018,ES41,Valladolid,Berceruelo
47019,ES41,Valladolid,Berrueces
47020,ES41,Valladolid,Bobadilla del Campo
47021,ES41,Valladolid,Bocigas
47022,ES41,Valladolid,Bocos de Duero
47023,ES41,Valladolid,Boecillo
47024,ES41,Valladolid,Bolaños de Campos
47025,ES41,Valladolid,Brahojos de Medina
47026,ES41,Valladolid,Bustillo de Chaves
47027,ES41,Valladolid,Cabezón de Pisuerga
47028,ES41,Valladolid,Cabezón de Valderaduey
47029,ES41,Valladolid,Cabreros del Monte
47030,ES41,Valladolid,Campaspero
47031,ES41,Valladolid,"Campillo, El"
47032,ES41,Valladolid,Camporredondo
47033,ES41,Valladolid,Canalejas de Peñafiel
47034,ES41,Valladolid,Canillas de Esgueva
47035,ES41,Valladolid,Carpio
47036,ES41,Valladolid,Casasola de Arión
47037,ES41,Valladolid,Castrejón de Trabancos
47038,ES41,Valladolid,Castrillo de Duero
47039,ES41,Valladolid,Castrillo-Tejeriego
47040,ES41,Valladolid,Castrobol
47041,ES41,Valladolid,Castrodeza
47042,ES41,Valladolid,Castromembibre
47043,ES41,Valladolid,Castromonte
47044,ES41,Valladolid,Castronuevo de Esgueva
47045,ES41,Valladolid,Castronuño
47046,ES41,Valladolid,Castroponce
47047,ES41,Valladolid,Castroverde de Cerrato
47048,ES41,Valladolid,Ceinos de Campos
47049,ES41,Valladolid,Cervillego de la Cruz
47050,ES41,Valladolid,Cigales
47051,ES41,Valladolid,Ciguñuela
47052,ES41,Valladolid,Cistérniga
47053,ES41,Valladolid,Cogeces de Íscar
47054,ES41,Valladolid,Cogeces del Monte
47055,ES41,Valladolid,Corcos
47056,ES41,Valladolid,Corrales de Duero
47057,ES41,Valladolid,Cubillas de Santa Marta
47058,ES41,Valladolid,Cuenca de Campos
47059,ES41,Valladolid,Curiel de Duero
47060,ES41,Valladolid,Encinas de Esgueva
47061,ES41,Valladolid,Esguevillas de Esgueva
47062,ES41,Valladolid,Fombellida
47063,ES41,Valladolid,Fompedraza
47064,ES41,Valladolid,Fontihoyuelo
47065,ES41,Valladolid,Fresno el Viejo
47066,ES41,Valladolid,Fuensaldaña
47067,ES41,Valladolid,Fuente el Sol
47068,ES41,Valladolid,Fuente-Olmedo
47069,ES41,Valladolid,Gallegos de Hornija
47070,ES41,Valladolid,Gatón de Campos
47071,ES41,Valladolid,Geria
47073,ES41,Valladolid,Herrín de Campos
47074,ES41,Valladolid,Hornillos de Eresma
47075,ES41,Valladolid,Íscar
47076,ES41,Valladolid,Laguna de Duero
47077,ES41,Valladolid,Langayo
47079,ES41,Valladolid,Llano de Olmedo
47078,ES41,Valladolid,Lomoviejo
47080,ES41,Valladolid,Manzanillo
47081,ES41,Valladolid,Marzales
47082,ES41,Valladolid,Matapozuelos
47083,ES41,Valladolid,Matilla de los Caños
47084,ES41,Valladolid,Mayorga
47086,ES41,Valladolid,Medina de Rioseco
47085,ES41,Valladolid,Medina del Campo
47087,ES41,Valladolid,Megeces
47088,ES41,Valladolid,Melgar de Abajo
47089,ES41,Valladolid,Melgar de Arriba
47090,ES41,Valladolid,Mojados
47091,ES41,Valladolid,Monasterio de Vega
47092,ES41,Valladolid,Montealegre de Campos
47093,ES41,Valladolid,Montemayor de Pililla
47094,ES41,Valladolid,Moral de la Reina
47095,ES41,Valladolid,Moraleja de las Panaderas
47096,ES41,Valladolid,Morales de Campos
47097,ES41,Valladolid,Mota del Marqués
47098,ES41,Valladolid,Mucientes
47099,ES41,Valladolid,"Mudarra, La"
47100,ES41,Valladolid,Muriel
47101,ES41,Valladolid,Nava del Rey
47102,ES41,Valladolid,Nueva Villa de las Torres
47103,ES41,Valladolid,Olivares de Duero
47104,ES41,Valladolid,Olmedo
47105,ES41,Valladolid,Olmos de Esgueva
47106,ES41,Valladolid,Olmos de Peñafiel
47109,ES41,Valladolid,Palazuelo de Vedija
47110,ES41,Valladolid,"Parrilla, La"
47111,ES41,Valladolid,"Pedraja de Portillo, La"
47112,ES41,Valladolid,Pedrajas de San Esteban
47113,ES41,Valladolid,Pedrosa del Rey
47114,ES41,Valladolid,Peñafiel
47115,ES41,Valladolid,Peñaflor de Hornija
47116,ES41,Valladolid,Pesquera de Duero
47117,ES41,Valladolid,Piña de Esgueva
47118,ES41,Valladolid,Piñel de Abajo
47119,ES41,Valladolid,Piñel de Arriba
47121,ES41,Valladolid,Pollos
47122,ES41,Valladolid,Portillo
47123,ES41,Valladolid,Pozal de Gallinas
47124,ES41,Valladolid,Pozaldez
47125,ES41,Valladolid,Pozuelo de la Orden
47126,ES41,Valladolid,Puras
47127,ES41,Valladolid,Quintanilla de Arriba
47129,ES41,Valladolid,Quintanilla de Onésimo
47130,ES41,Valladolid,Quintanilla de Trigueros
47128,ES41,Valladolid,Quintanilla del Molar
47131,ES41,Valladolid,Rábano
47132,ES41,Valladolid,Ramiro
47133,ES41,Valladolid,Renedo de Esgueva
47134,ES41,Valladolid,Roales de Campos
47135,ES41,Valladolid,Robladillo
47137,ES41,Valladolid,Roturas
47138,ES41,Valladolid,Rubí de Bracamonte
47139,ES41,Valladolid,Rueda
47140,ES41,Valladolid,Saelices de Mayorga
47141,ES41,Valladolid,Salvador de Zapardiel
47142,ES41,Valladolid,San Cebrián de Mazote
47143,ES41,Valladolid,San Llorente
47144,ES41,Valladolid,San Martín de Valvení
47145,ES41,Valladolid,San Miguel del Arroyo
47146,ES41,Valladolid,San Miguel del Pino
47147,ES41,Valladolid,San Pablo de la Moraleja
47148,ES41,Valladolid,San Pedro de Latarce
47149,ES41,Valladolid,San Pelayo
47150,ES41,Valladolid,San Román de Hornija
47151,ES41,Valladolid,San Salvador
47156,ES41,Valladolid,San Vicente del Palacio
47152,ES41,Valladolid,Santa Eufemia del Arroyo
47153,ES41,Valladolid,Santervás de Campos
47154,ES41,Valladolid,Santibáñez de Valcorba
47155,ES41,Valladolid,Santovenia de Pisuerga
47157,ES41,Valladolid,Sardón de Duero
47158,ES41,Valladolid,"Seca, La"
47159,ES41,Valladolid,Serrada
47160,ES41,Valladolid,Siete Iglesias de Trabancos
47161,ES41,Valladolid,Simancas
47162,ES41,Valladolid,Tamariz de Campos
47163,ES41,Valladolid,Tiedra
47164,ES41,Valladolid,Tordehumos
47165,ES41,Valladolid,Tordesillas
47169,ES41,Valladolid,Torre de Esgueva
47170,ES41,Valladolid,Torre de Peñafiel
47166,ES41,Valladolid,Torrecilla de la Abadesa
47167,ES41,Valladolid,Torrecilla de la Orden
47168,ES41,Valladolid,Torrecilla de la Torre
47171,ES41,Valladolid,Torrelobatón
47172,ES41,Valladolid,Torrescárcela
47173,ES41,Valladolid,Traspinedo
47174,ES41,Valladolid,Trigueros del Valle
47175,ES41,Valladolid,Tudela de Duero
47176,ES41,Valladolid,"Unión de Campos, La"
47177,ES41,Valladolid,Urones de Castroponce
47178,ES41,Valladolid,Urueña
47179,ES41,Valladolid,Valbuena de Duero
47180,ES41,Valladolid,Valdearcos de la Vega
47181,ES41,Valladolid,Valdenebro de los Valles
47182,ES41,Valladolid,Valdestillas
47183,ES41,Valladolid,Valdunquillo
47186,ES41,Valladolid,Valladolid
47184,ES41,Valladolid,Valoria la Buena
47185,ES41,Valladolid,Valverde de Campos
47187,ES41,Valladolid,Vega de Ruiponce
47188,ES41,Valladolid,Vega de Valdetronco
47189,ES41,Valladolid,Velascálvaro
47190,ES41,Valladolid,Velilla
47191,ES41,Valladolid,Velliza
47192,ES41,Valladolid,Ventosa de la Cuesta
47193,ES41,Valladolid,Viana de Cega
47195,ES41,Valladolid,Villabáñez
47196,ES41,Valladolid,Villabaruz de Campos
47197,ES41,Valladolid,Villabrágima
47198,ES41,Valladolid,Villacarralón
47199,ES41,Valladolid,Villacid de Campos
47200,ES41,Valladolid,Villaco
47203,ES41,Valladolid,Villafrades de Campos
47204,ES41,Valladolid,Villafranca de Duero
47205,ES41,Valladolid,Villafrechós
47206,ES41,Valladolid,Villafuerte
47207,ES41,Valladolid,Villagarcía de Campos
47208,ES41,Valladolid,Villagómez la Nueva
47209,ES41,Valladolid,Villalán de Campos
47210,ES41,Valladolid,Villalar de los Comuneros
47211,ES41,Valladolid,Villalba de la Loma
47212,ES41,Valladolid,Villalba de los Alcores
47213,ES41,Valladolid,Villalbarba
47214,ES41,Valladolid,Villalón de Campos
47215,ES41,Valladolid,Villamuriel de Campos
47216,ES41,Valladolid,Villán de Tordesillas
47217,ES41,Valladolid,Villanubla
47218,ES41,Valladolid,Villanueva de Duero
47219,ES41,Valladolid,Villanueva de la Condesa
47220,ES41,Valladolid,Villanueva de los Caballeros
47221,ES41,Valladolid,Villanueva de los Infantes
47222,ES41,Valladolid,Villanueva de San Mancio
47223,ES41,Valladolid,Villardefrades
47224,ES41,Valladolid,Villarmentero de Esgueva
47225,ES41,Valladolid,Villasexmir
47226,ES41,Valladolid,Villavaquerín
47227,ES41,Valladolid,Villavellid
47228,ES41,Valladolid,Villaverde de Medina
47229,ES41,Valladolid,Villavicencio de los Caballeros
47194,ES41,Valladolid,Viloria
47230,ES41,Valladolid,Wamba
47231,ES41,Valladolid,Zaratán
47232,ES41,Valladolid,"Zarza, La"
48001,ES21,Bizkaia,Abadiño
48002,ES21,Bizkaia,Abanto y Ciérvana-Abanto Zierbena
48911,ES21,Bizkaia,Ajangiz
48912,ES21,Bizkaia,Alonsotegi
48003,ES21,Bizkaia,Amorebieta-Etxano
48004,ES21,Bizkaia,Amoroto
48005,ES21,Bizkaia,Arakaldo
48006,ES21,Bizkaia,Arantzazu
48093,ES21,Bizkaia,Areatza
48009,ES21,Bizkaia,Arrankudiaga-Zollo
48914,ES21,Bizkaia,Arratzu
48010,ES21,Bizkaia,Arrieta
48011,ES21,Bizkaia,Arrigorriaga
48023,ES21,Bizkaia,Artea
48008,ES21,Bizkaia,Artzentales
48091,ES21,Bizkaia,Atxondo
48070,ES21,Bizkaia,Aulesti
48012,ES21,Bizkaia,Bakio
48090,ES21,Bizkaia,Balmaseda
48013,ES21,Bizkaia,Barakaldo
48014,ES21,Bizkaia,Barrika
48015,ES21,Bizkaia,Basauri
48092,ES21,Bizkaia,Bedia
48016,ES21,Bizkaia,Berango
48017,ES21,Bizkaia,Bermeo
48018,ES21,Bizkaia,Berriatua
48019,ES21,Bizkaia,Berriz
48020,ES21,Bizkaia,Bilbao
48021,ES21,Bizkaia,Busturia
48901,ES21,Bizkaia,Derio
48026,ES21,Bizkaia,Dima
48027,ES21,Bizkaia,Durango
48028,ES21,Bizkaia,Ea
48031,ES21,Bizkaia,Elantxobe
48032,ES21,Bizkaia,Elorrio
48902,ES21,Bizkaia,Erandio
48033,ES21,Bizkaia,Ereño
48034,ES21,Bizkaia,Ermua
48079,ES21,Bizkaia,Errigoiti
48029,ES21,Bizkaia,Etxebarri
48030,ES21,Bizkaia,Etxebarria
48906,ES21,Bizkaia,Forua
48035,ES21,Bizkaia,Fruiz
48036,ES21,Bizkaia,Galdakao
48037,ES21,Bizkaia,Galdames
48038,ES21,Bizkaia,Gamiz-Fika
48039,ES21,Bizkaia,Garai
48040,ES21,Bizkaia,Gatika
48041,ES21,Bizkaia,Gautegiz Arteaga
48046,ES21,Bizkaia,Gernika-Lumo
48044,ES21,Bizkaia,Getxo
48047,ES21,Bizkaia,Gizaburuaga
48042,ES21,Bizkaia,Gordexola
48043,ES21,Bizkaia,Gorliz
48045,ES21,Bizkaia,Güeñes
48048,ES21,Bizkaia,Ibarrangelu
48094,ES21,Bizkaia,Igorre
48049,ES21,Bizkaia,Ispaster
48910,ES21,Bizkaia,Iurreta
48050,ES21,Bizkaia,Izurtza
48022,ES21,Bizkaia,Karrantza Harana/Valle de Carranza
48907,ES21,Bizkaia,Kortezubi
48051,ES21,Bizkaia,Lanestosa
48052,ES21,Bizkaia,Larrabetzu
48053,ES21,Bizkaia,Laukiz
48054,ES21,Bizkaia,Leioa
48057,ES21,Bizkaia,Lekeitio
48055,ES21,Bizkaia,Lemoa
48056,ES21,Bizkaia,Lemoiz
48081,ES21,Bizkaia,Lezama
48903,ES21,Bizkaia,Loiu
48058,ES21,Bizkaia,Mallabia
48059,ES21,Bizkaia,Mañaria
48060,ES21,Bizkaia,Markina-Xemein
48061,ES21,Bizkaia,Maruri-Jatabe
48062,ES21,Bizkaia,Mendata
48063,ES21,Bizkaia,Mendexa
48064,ES21,Bizkaia,Meñaka
48066,ES21,Bizkaia,Morga
48068,ES21,Bizkaia,Mundaka
48069,ES21,Bizkaia,Mungia
48007,ES21,Bizkaia,Munitibar-Arbatzegi Gerrikaitz
48908,ES21,Bizkaia,Murueta
48071,ES21,Bizkaia,Muskiz
48067,ES21,Bizkaia,Muxika
48909,ES21,Bizkaia,Nabarniz
48073,ES21,Bizkaia,Ondarroa
48075,ES21,Bizkaia,Orozko
48083,ES21,Bizkaia,Ortuella
48072,ES21,Bizkaia,Otxandio
48077,ES21,Bizkaia,Plentzia
48078,ES21,Bizkaia,Portugalete
48082,ES21,Bizkaia,Santurtzi
48084,ES21,Bizkaia,Sestao
48904,ES21,Bizkaia,Sondika
48085,ES21,Bizkaia,Sopela
48086,ES21,Bizkaia,Sopuerta
48076,ES21,Bizkaia,Sukarrieta
48087,ES21,Bizkaia,Trucios-Turtzioz
48088,ES21,Bizkaia,Ubide
48065,ES21,Bizkaia,Ugao-Miraballes
48089,ES21,Bizkaia,Urduliz
48074,ES21,Bizkaia,Urduña/Orduña
48916,ES21,Bizkaia,Usansolo
48080,ES21,Bizkaia,Valle de Trápaga-Trapagaran
48095,ES21,Bizkaia,Zaldibar
48096,ES21,Bizkaia,Zalla
48905,ES21,Bizkaia,Zamudio
48097,ES21,Bizkaia,Zaratamo
48024,ES21,Bizkaia,Zeanuri
48025,ES21,Bizkaia,Zeberio
48913,ES21,Bizkaia,Zierbena
48915,ES21,Bizkaia,Ziortza-Bolibar
49002,ES41,Zamora,Abezames
49003,ES41,Zamora,Alcañices
49004,ES41,Zamora,Alcubilla de Nogales
49005,ES41,Zamora,Alfaraz de Sayago
49006,ES41,Zamora,Algodre
49007,ES41,Zamora,Almaraz de Duero
49008,ES41,Zamora,Almeida de Sayago
49009,ES41,Zamora,Andavías
49010,ES41,Zamora,Arcenillas
49011,ES41,Zamora,Arcos de la Polvorosa
49012,ES41,Zamora,Argañín
49013,ES41,Zamora,Argujillo
49014,ES41,Zamora,Arquillinos
49015,ES41,Zamora,Arrabalde
49016,ES41,Zamora,Aspariegos
49017,ES41,Zamora,Asturianos
49018,ES41,Zamora,Ayoó de Vidriales
49019,ES41,Zamora,Barcial del Barco
49020,ES41,Zamora,Belver de los Montes
49021,ES41,Zamora,Benavente
49022,ES41,Zamora,Benegiles
49023,ES41,Zamora,Bermillo de Sayago
49024,ES41,Zamora,"Bóveda de Toro, La"
49025,ES41,Zamora,Bretó
49026,ES41,Zamora,Bretocino
49027,ES41,Zamora,Brime de Sog
49028,ES41,Zamora,Brime de Urz
49029,ES41,Zamora,Burganes de Valverde
49030,ES41,Zamora,Bustillo del Oro
49031,ES41,Zamora,Cabañas de Sayago
49032,ES41,Zamora,Calzadilla de Tera
49033,ES41,Zamora,Camarzana de Tera
49034,ES41,Zamora,Cañizal
49035,ES41,Zamora,Cañizo
49036,ES41,Zamora,Carbajales de Alba
49037,ES41,Zamora,Carbellino
49038,ES41,Zamora,Casaseca de Campeán
49039,ES41,Zamora,Casaseca de las Chanas
49040,ES41,Zamora,Castrillo de la Guareña
49041,ES41,Zamora,Castrogonzalo
49042,ES41,Zamora,Castronuevo
49043,ES41,Zamora,Castroverde de Campos
49044,ES41,Zamora,Cazurra
49046,ES41,Zamora,Cerecinos de Campos
49047,ES41,Zamora,Cerecinos del Carrizal
49048,ES41,Zamora,Cernadilla
49050,ES41,Zamora,Cobreros
49052,ES41,Zamora,Coomonte
49053,ES41,Zamora,Coreses
49054,ES41,Zamora,Corrales del Vino
49055,ES41,Zamora,Cotanes del Monte
49056,ES41,Zamora,Cubillos
49057,ES41,Zamora,Cubo de Benavente
49058,ES41,Zamora,"Cubo de Tierra del Vino, El"
49059,ES41,Zamora,Cuelgamures
49061,ES41,Zamora,Entrala
49062,ES41,Zamora,Espadañedo
49063,ES41,Zamora,Faramontanos de Tábara
49064,ES41,Zamora,Fariza
49065,ES41,Zamora,Fermoselle
49066,ES41,Zamora,Ferreras de Abajo
49067,ES41,Zamora,Ferreras de Arriba
49068,ES41,Zamora,Ferreruela
49069,ES41,Zamora,Figueruela de Arriba
49071,ES41,Zamora,Fonfría
49075,ES41,Zamora,Fresno de la Polvorosa
49076,ES41,Zamora,Fresno de la Ribera
49077,ES41,Zamora,Fresno de Sayago
49078,ES41,Zamora,Friera de Valverde
49079,ES41,Zamora,Fuente Encalada
49080,ES41,Zamora,Fuentelapeña
49082,ES41,Zamora,Fuentes de Ropel
49081,ES41,Zamora,Fuentesaúco
49083,ES41,Zamora,Fuentesecas
49084,ES41,Zamora,Fuentespreadas
49085,ES41,Zamora,Galende
49086,ES41,Zamora,Gallegos del Pan
49087,ES41,Zamora,Gallegos del Río
49088,ES41,Zamora,Gamones
49090,ES41,Zamora,Gema
49091,ES41,Zamora,Granja de Moreruela
49092,ES41,Zamora,Granucillo
49093,ES41,Zamora,Guarrate
49094,ES41,Zamora,Hermisende
49095,ES41,Zamora,"Hiniesta, La"
49096,ES41,Zamora,Jambrina
49097,ES41,Zamora,Justel
49098,ES41,Zamora,Losacino
49099,ES41,Zamora,Losacio
49100,ES41,Zamora,Lubián
49101,ES41,Zamora,Luelmo
49102,ES41,Zamora,"Maderal, El"
49103,ES41,Zamora,Madridanos
49104,ES41,Zamora,Mahide
49105,ES41,Zamora,Maire de Castroponce
49107,ES41,Zamora,Malva
49108,ES41,Zamora,Manganeses de la Lampreana
49109,ES41,Zamora,Manganeses de la Polvorosa
49110,ES41,Zamora,Manzanal de Arriba
49112,ES41,Zamora,Manzanal de los Infantes
49111,ES41,Zamora,Manzanal del Barco
49113,ES41,Zamora,Matilla de Arzón
49114,ES41,Zamora,Matilla la Seca
49115,ES41,Zamora,Mayalde
49116,ES41,Zamora,Melgar de Tera
49117,ES41,Zamora,Micereces de Tera
49118,ES41,Zamora,Milles de la Polvorosa
49119,ES41,Zamora,Molacillos
49120,ES41,Zamora,Molezuelas de la Carballeda
49121,ES41,Zamora,Mombuey
49122,ES41,Zamora,Monfarracinos
49123,ES41,Zamora,Montamarta
49124,ES41,Zamora,Moral de Sayago
49126,ES41,Zamora,Moraleja de Sayago
49125,ES41,Zamora,Moraleja del Vino
49128,ES41,Zamora,Morales de Rey
49129,ES41,Zamora,Morales de Toro
49130,ES41,Zamora,Morales de Valverde
49127,ES41,Zamora,Morales del Vino
49131,ES41,Zamora,Moralina
49132,ES41,Zamora,Moreruela de los Infanzones
49133,ES41,Zamora,Moreruela de Tábara
49134,ES41,Zamora,Muelas de los Caballeros
49135,ES41,Zamora,Muelas del Pan
49136,ES41,Zamora,Muga de Sayago
49137,ES41,Zamora,Navianos de Valverde
49138,ES41,Zamora,Olmillos de Castro
49139,ES41,Zamora,Otero de Bodas
49141,ES41,Zamora,Pajares de la Lampreana
49143,ES41,Zamora,Palacios de Sanabria
49142,ES41,Zamora,Palacios del Pan
49145,ES41,Zamora,Pedralba de la Pradería
49146,ES41,Zamora,"Pego, El"
49147,ES41,Zamora,Peleagonzalo
49148,ES41,Zamora,Peleas de Abajo
49149,ES41,Zamora,Peñausende
49150,ES41,Zamora,Peque
49151,ES41,Zamora,"Perdigón, El"
49152,ES41,Zamora,Pereruela
49153,ES41,Zamora,Perilla de Castro
49154,ES41,Zamora,Pías
49155,ES41,Zamora,Piedrahita de Castro
49156,ES41,Zamora,Pinilla de Toro
49157,ES41,Zamora,Pino del Oro
49158,ES41,Zamora,"Piñero, El"
49160,ES41,Zamora,Pobladura de Valderaduey
49159,ES41,Zamora,Pobladura del Valle
49162,ES41,Zamora,Porto
49163,ES41,Zamora,Pozoantiguo
49164,ES41,Zamora,Pozuelo de Tábara
49165,ES41,Zamora,Prado
49166,ES41,Zamora,Puebla de Sanabria
49167,ES41,Zamora,Pueblica de Valverde
49170,ES41,Zamora,Quintanilla de Urz
49168,ES41,Zamora,Quintanilla del Monte
49169,ES41,Zamora,Quintanilla del Olmo
49171,ES41,Zamora,Quiruelas de Vidriales
49172,ES41,Zamora,Rabanales
49173,ES41,Zamora,Rábano de Aliste
49174,ES41,Zamora,Requejo
49175,ES41,Zamora,Revellinos
49176,ES41,Zamora,Riofrío de Aliste
49177,ES41,Zamora,Rionegro del Puente
49178,ES41,Zamora,Roales
49179,ES41,Zamora,Robleda-Cervantes
49180,ES41,Zamora,Roelos de Sayago
49181,ES41,Zamora,Rosinos de la Requejada
49183,ES41,Zamora,Salce
49184,ES41,Zamora,Samir de los Caños
49185,ES41,Zamora,San Agustín del Pozo
49186,ES41,Zamora,San Cebrián de Castro
49187,ES41,Zamora,San Cristóbal de Entreviñas
49188,ES41,Zamora,San Esteban del Molar
49189,ES41,Zamora,San Justo
49190,ES41,Zamora,San Martín de Valderaduey
49191,ES41,Zamora,San Miguel de la Ribera
49192,ES41,Zamora,San Miguel del Valle
49193,ES41,Zamora,San Pedro de Ceque
49194,ES41,Zamora,San Pedro de la Nave-Almendra
49208,ES41,Zamora,San Vicente de la Cabeza
49209,ES41,Zamora,San Vitero
49197,ES41,Zamora,Santa Clara de Avedillo
49199,ES41,Zamora,Santa Colomba de las Monjas
49200,ES41,Zamora,Santa Cristina de la Polvorosa
49201,ES41,Zamora,Santa Croya de Tera
49202,ES41,Zamora,Santa Eufemia del Barco
49203,ES41,Zamora,Santa María de la Vega
49204,ES41,Zamora,Santa María de Valverde
49205,ES41,Zamora,Santibáñez de Tera
49206,ES41,Zamora,Santibáñez de Vidriales
49207,ES41,Zamora,Santovenia
49210,ES41,Zamora,Sanzoles
49214,ES41,Zamora,Tábara
49216,ES41,Zamora,Tapioles
49219,ES41,Zamora,Toro
49220,ES41,Zamora,"Torre del Valle, La"
49221,ES41,Zamora,Torregamones
49222,ES41,Zamora,Torres del Carrizal
49223,ES41,Zamora,Trabazos
49224,ES41,Zamora,Trefacio
49225,ES41,Zamora,Uña de Quintana
49226,ES41,Zamora,Vadillo de la Guareña
49227,ES41,Zamora,Valcabado
49228,ES41,Zamora,Valdefinjas
49229,ES41,Zamora,Valdescorriel
49230,ES41,Zamora,Vallesa de la Guareña
49231,ES41,Zamora,Vega de Tera
49232,ES41,Zamora,Vega de Villalobos
49233,ES41,Zamora,Vegalatrave
49234,ES41,Zamora,Venialbo
49235,ES41,Zamora,Vezdemarbán
49236,ES41,Zamora,Vidayanes
49237,ES41,Zamora,Videmala
49238,ES41,Zamora,Villabrázaro
49239,ES41,Zamora,Villabuena del Puente
49240,ES41,Zamora,Villadepera
49241,ES41,Zamora,Villaescusa
49242,ES41,Zamora,Villafáfila
49243,ES41,Zamora,Villaferrueña
49244,ES41,Zamora,Villageriz
49245,ES41,Zamora,Villalazán
49246,ES41,Zamora,Villalba de la Lampreana
49247,ES41,Zamora,Villalcampo
49248,ES41,Zamora,Villalobos
49249,ES41,Zamora,Villalonso
49250,ES41,Zamora,Villalpando
49251,ES41,Zamora,Villalube
49252,ES41,Zamora,Villamayor de Campos
49255,ES41,Zamora,Villamor de los Escuderos
49256,ES41,Zamora,Villanázar
49257,ES41,Zamora,Villanueva de Azoague
49258,ES41,Zamora,Villanueva de Campeán
49259,ES41,Zamora,Villanueva de las Peras
49260,ES41,Zamora,Villanueva del Campo
49263,ES41,Zamora,Villar de Fallaves
49264,ES41,Zamora,Villar del Buey
49261,ES41,Zamora,Villaralbo
49262,ES41,Zamora,Villardeciervos
49265,ES41,Zamora,Villardiegua de la Ribera
49266,ES41,Zamora,Villárdiga
49267,ES41,Zamora,Villardondiego
49268,ES41,Zamora,Villarrín de Campos
49269,ES41,Zamora,Villaseco del Pan
49270,ES41,Zamora,Villavendimio
49272,ES41,Zamora,Villaveza de Valverde
49271,ES41,Zamora,Villaveza del Agua
49273,ES41,Zamora,Viñas
49275,ES41,Zamora,Zamora
50001,ES24,Zaragoza,Abanto
50002,ES24,Zaragoza,Acered
50003,ES24,Zaragoza,Agón
50004,ES24,Zaragoza,Aguarón
50005,ES24,Zaragoza,Aguilón
50006,ES24,Zaragoza,Ainzón
50007,ES24,Zaragoza,Aladrén
50008,ES24,Zaragoza,Alagón
50009,ES24,Zaragoza,Alarba
50010,ES24,Zaragoza,Alberite de San Juan
50011,ES24,Zaragoza,Albeta
50012,ES24,Zaragoza,Alborge
50013,ES24,Zaragoza,Alcalá de Ebro
50014,ES24,Zaragoza,Alcalá de Moncayo
50015,ES24,Zaragoza,Alconchel de Ariza
50016,ES24,Zaragoza,Aldehuela de Liestos
50017,ES24,Zaragoza,Alfajarín
50018,ES24,Zaragoza,Alfamén
50019,ES24,Zaragoza,Alforque
50020,ES24,Zaragoza,Alhama de Aragón
50021,ES24,Zaragoza,Almochuel
50022,ES24,Zaragoza,"Almolda, La"
50023,ES24,Zaragoza,Almonacid de la Cuba
50024,ES24,Zaragoza,Almonacid de la Sierra
50025,ES24,Zaragoza,"Almunia de Doña Godina, La"
50026,ES24,Zaragoza,Alpartir
50027,ES24,Zaragoza,Ambel
50028,ES24,Zaragoza,Anento
50029,ES24,Zaragoza,Aniñón
50030,ES24,Zaragoza,Añón de Moncayo
50031,ES24,Zaragoza,Aranda de Moncayo
50032,ES24,Zaragoza,Arándiga
50033,ES24,Zaragoza,Ardisa
50034,ES24,Zaragoza,Ariza
50035,ES24,Zaragoza,Artieda
50036,ES24,Zaragoza,Asín
50037,ES24,Zaragoza,Atea
50038,ES24,Zaragoza,Ateca
50039,ES24,Zaragoza,Azuara
50040,ES24,Zaragoza,Badules
50041,ES24,Zaragoza,Bagüés
50042,ES24,Zaragoza,Balconchán
50043,ES24,Zaragoza,Bárboles
50044,ES24,Zaragoza,Bardallur
50045,ES24,Zaragoza,Belchite
50046,ES24,Zaragoza,Belmonte de Gracián
50047,ES24,Zaragoza,Berdejo
50048,ES24,Zaragoza,Berrueco
50901,ES24,Zaragoza,Biel
50050,ES24,Zaragoza,Bijuesca
50051,ES24,Zaragoza,Biota
50052,ES24,Zaragoza,Bisimbre
50053,ES24,Zaragoza,Boquiñeni
50054,ES24,Zaragoza,Bordalba
50055,ES24,Zaragoza,Borja
50056,ES24,Zaragoza,Botorrita
50057,ES24,Zaragoza,Brea de Aragón
50058,ES24,Zaragoza,Bubierca
50059,ES24,Zaragoza,Bujaraloz
50060,ES24,Zaragoza,Bulbuente
50061,ES24,Zaragoza,Bureta
50062,ES24,Zaragoza,"Burgo de Ebro, El"
50063,ES24,Zaragoza,"Buste, El"
50064,ES24,Zaragoza,Cabañas de Ebro
50065,ES24,Zaragoza,Cabolafuente
50066,ES24,Zaragoza,Cadrete
50067,ES24,Zaragoza,Calatayud
50068,ES24,Zaragoza,Calatorao
50069,ES24,Zaragoza,Calcena
50070,ES24,Zaragoza,Calmarza
50071,ES24,Zaragoza,Campillo de Aragón
50072,ES24,Zaragoza,Carenas
50073,ES24,Zaragoza,Cariñena
50074,ES24,Zaragoza,Caspe
50075,ES24,Zaragoza,Castejón de Alarba
50076,ES24,Zaragoza,Castejón de las Armas
50077,ES24,Zaragoza,Castejón de Valdejasa
50078,ES24,Zaragoza,Castiliscar
50079,ES24,Zaragoza,Cervera de la Cañada
50080,ES24,Zaragoza,Cerveruela
50081,ES24,Zaragoza,Cetina
50092,ES24,Zaragoza,Chiprana
50093,ES24,Zaragoza,Chodes
50082,ES24,Zaragoza,Cimballa
50083,ES24,Zaragoza,Cinco Olivas
50084,ES24,Zaragoza,Clarés de Ribota
50085,ES24,Zaragoza,Codo
50086,ES24,Zaragoza,Codos
50087,ES24,Zaragoza,Contamina
50088,ES24,Zaragoza,Cosuenda
50089,ES24,Zaragoza,Cuarte de Huerva
50090,ES24,Zaragoza,Cubel
50091,ES24,Zaragoza,"Cuerlas, Las"
50094,ES24,Zaragoza,Daroca
50095,ES24,Zaragoza,Ejea de los Caballeros
50096,ES24,Zaragoza,Embid de Ariza
50098,ES24,Zaragoza,Encinacorba
50099,ES24,Zaragoza,Épila
50100,ES24,Zaragoza,Erla
50101,ES24,Zaragoza,Escatrón
50102,ES24,Zaragoza,Fabara
50104,ES24,Zaragoza,Farlete
50105,ES24,Zaragoza,Fayón
50106,ES24,Zaragoza,"Fayos, Los"
50107,ES24,Zaragoza,Figueruelas
50108,ES24,Zaragoza,Fombuena
50109,ES24,Zaragoza,"Frago, El"
50110,ES24,Zaragoza,"Frasno, El"
50111,ES24,Zaragoza,Fréscano
50113,ES24,Zaragoza,Fuendejalón
50114,ES24,Zaragoza,Fuendetodos
50115,ES24,Zaragoza,Fuentes de Ebro
50116,ES24,Zaragoza,Fuentes de Jiloca
50117,ES24,Zaragoza,Gallocanta
50118,ES24,Zaragoza,Gallur
50119,ES24,Zaragoza,Gelsa
50120,ES24,Zaragoza,Godojos
50121,ES24,Zaragoza,Gotor
50122,ES24,Zaragoza,Grisel
50123,ES24,Zaragoza,Grisén
50124,ES24,Zaragoza,Herrera de los Navarros
50125,ES24,Zaragoza,Ibdes
50126,ES24,Zaragoza,Illueca
50128,ES24,Zaragoza,Isuerre
50129,ES24,Zaragoza,Jaraba
50130,ES24,Zaragoza,Jarque de Moncayo
50131,ES24,Zaragoza,Jaulín
50132,ES24,Zaragoza,"Joyosa, La"
50133,ES24,Zaragoza,Lagata
50134,ES24,Zaragoza,Langa del Castillo
50135,ES24,Zaragoza,Layana
50136,ES24,Zaragoza,Lécera
50138,ES24,Zaragoza,Lechón
50137,ES24,Zaragoza,Leciñena
50139,ES24,Zaragoza,Letux
50140,ES24,Zaragoza,Litago
50141,ES24,Zaragoza,Lituénigo
50142,ES24,Zaragoza,Lobera de Onsella
50143,ES24,Zaragoza,Longares
50144,ES24,Zaragoza,Longás
50146,ES24,Zaragoza,Lucena de Jalón
50147,ES24,Zaragoza,Luceni
50148,ES24,Zaragoza,Luesia
50149,ES24,Zaragoza,Luesma
50150,ES24,Zaragoza,Lumpiaque
50151,ES24,Zaragoza,Luna
50152,ES24,Zaragoza,Maella
50153,ES24,Zaragoza,Magallón
50154,ES24,Zaragoza,Mainar
50155,ES24,Zaragoza,Malanquilla
50156,ES24,Zaragoza,Maleján
50160,ES24,Zaragoza,Mallén
50157,ES24,Zaragoza,Malón
50159,ES24,Zaragoza,Maluenda
50161,ES24,Zaragoza,Manchones
50162,ES24,Zaragoza,Mara
50163,ES24,Zaragoza,María de Huerva
50902,ES24,Zaragoza,Marracos
50164,ES24,Zaragoza,Mediana de Aragón
50165,ES24,Zaragoza,Mequinenza
50166,ES24,Zaragoza,Mesones de Isuela
50167,ES24,Zaragoza,Mezalocha
50168,ES24,Zaragoza,Mianos
50169,ES24,Zaragoza,Miedes de Aragón
50170,ES24,Zaragoza,Monegrillo
50171,ES24,Zaragoza,Moneva
50172,ES24,Zaragoza,Monreal de Ariza
50173,ES24,Zaragoza,Monterde
50174,ES24,Zaragoza,Montón
50175,ES24,Zaragoza,Morata de Jalón
50176,ES24,Zaragoza,Morata de Jiloca
50177,ES24,Zaragoza,Morés
50178,ES24,Zaragoza,Moros
50179,ES24,Zaragoza,Moyuela
50180,ES24,Zaragoza,Mozota
50181,ES24,Zaragoza,Muel
50182,ES24,Zaragoza,"Muela, La"
50183,ES24,Zaragoza,Munébrega
50184,ES24,Zaragoza,Murero
50185,ES24,Zaragoza,Murillo de Gállego
50186,ES24,Zaragoza,Navardún
50187,ES24,Zaragoza,Nigüella
50188,ES24,Zaragoza,Nombrevilla
50189,ES24,Zaragoza,Nonaspe
50190,ES24,Zaragoza,Novallas
50191,ES24,Zaragoza,Novillas
50192,ES24,Zaragoza,Nuévalos
50193,ES24,Zaragoza,Nuez de Ebro
50194,ES24,Zaragoza,Olvés
50195,ES24,Zaragoza,Orcajo
50196,ES24,Zaragoza,Orera
50197,ES24,Zaragoza,Orés
50198,ES24,Zaragoza,Oseja
50199,ES24,Zaragoza,Osera de Ebro
50200,ES24,Zaragoza,Paniza
50201,ES24,Zaragoza,Paracuellos de Jiloca
50202,ES24,Zaragoza,Paracuellos de la Ribera
50203,ES24,Zaragoza,Pastriz
50204,ES24,Zaragoza,Pedrola
50205,ES24,Zaragoza,"Pedrosas, Las"
50206,ES24,Zaragoza,Perdiguera
50207,ES24,Zaragoza,Piedratajada
50208,ES24,Zaragoza,Pina de Ebro
50209,ES24,Zaragoza,Pinseque
50210,ES24,Zaragoza,"Pintanos, Los"
50211,ES24,Zaragoza,Plasencia de Jalón
50212,ES24,Zaragoza,Pleitas
50213,ES24,Zaragoza,Plenas
50214,ES24,Zaragoza,Pomer
50215,ES24,Zaragoza,Pozuel de Ariza
50216,ES24,Zaragoza,Pozuelo de Aragón
50217,ES24,Zaragoza,Pradilla de Ebro
50218,ES24,Zaragoza,Puebla de Albortón
50219,ES24,Zaragoza,"Puebla de Alfindén, La"
50220,ES24,Zaragoza,Puendeluna
50221,ES24,Zaragoza,Purujosa
50222,ES24,Zaragoza,Quinto
50223,ES24,Zaragoza,Remolinos
50224,ES24,Zaragoza,Retascón
50225,ES24,Zaragoza,Ricla
50227,ES24,Zaragoza,Romanos
50228,ES24,Zaragoza,Rueda de Jalón
50229,ES24,Zaragoza,Ruesca
50241,ES24,Zaragoza,Sabiñán
50230,ES24,Zaragoza,Sádaba
50231,ES24,Zaragoza,Salillas de Jalón
50232,ES24,Zaragoza,Salvatierra de Esca
50233,ES24,Zaragoza,Samper del Salz
50234,ES24,Zaragoza,San Martín de la Virgen de Moncayo
50235,ES24,Zaragoza,San Mateo de Gállego
50236,ES24,Zaragoza,Santa Cruz de Grío
50237,ES24,Zaragoza,Santa Cruz de Moncayo
50238,ES24,Zaragoza,Santa Eulalia de Gállego
50239,ES24,Zaragoza,Santed
50240,ES24,Zaragoza,Sástago
50242,ES24,Zaragoza,Sediles
50243,ES24,Zaragoza,Sestrica
50244,ES24,Zaragoza,Sierra de Luna
50245,ES24,Zaragoza,Sigüés
50246,ES24,Zaragoza,Sisamón
50247,ES24,Zaragoza,Sobradiel
50248,ES24,Zaragoza,Sos del Rey Católico
50249,ES24,Zaragoza,Tabuenca
50250,ES24,Zaragoza,Talamantes
50251,ES24,Zaragoza,Tarazona
50252,ES24,Zaragoza,Tauste
50253,ES24,Zaragoza,Terrer
50254,ES24,Zaragoza,Tierga
50255,ES24,Zaragoza,Tobed
50256,ES24,Zaragoza,Torralba de los Frailes
50257,ES24,Zaragoza,Torralba de Ribota
50258,ES24,Zaragoza,Torralbilla
50259,ES24,Zaragoza,Torrehermosa
50260,ES24,Zaragoza,Torrelapaja
50261,ES24,Zaragoza,Torrellas
50262,ES24,Zaragoza,Torres de Berrellén
50263,ES24,Zaragoza,Torrijo de la Cañada
50264,ES24,Zaragoza,Tosos
50265,ES24,Zaragoza,Trasmoz
50266,ES24,Zaragoza,Trasobares
50267,ES24,Zaragoza,Uncastillo
50268,ES24,Zaragoza,Undués de Lerda
50269,ES24,Zaragoza,Urrea de Jalón
50270,ES24,Zaragoza,Urriés
50271,ES24,Zaragoza,Used
50272,ES24,Zaragoza,Utebo
50274,ES24,Zaragoza,Val de San Martín
50273,ES24,Zaragoza,Valdehorna
50275,ES24,Zaragoza,Valmadrid
50276,ES24,Zaragoza,Valpalmas
50277,ES24,Zaragoza,Valtorres
50278,ES24,Zaragoza,Velilla de Ebro
50279,ES24,Zaragoza,Velilla de Jiloca
50280,ES24,Zaragoza,Vera de Moncayo
50281,ES24,Zaragoza,Vierlas
50283,ES24,Zaragoza,Villadoz
50284,ES24,Zaragoza,Villafeliche
50285,ES24,Zaragoza,Villafranca de Ebro
50286,ES24,Zaragoza,Villalba de Perejil
50287,ES24,Zaragoza,Villalengua
50903,ES24,Zaragoza,Villamayor de Gállego
50288,ES24,Zaragoza,Villanueva de Gállego
50290,ES24,Zaragoza,Villanueva de Huerva
50289,ES24,Zaragoza,Villanueva de Jiloca
50291,ES24,Zaragoza,Villar de los Navarros
50292,ES24,Zaragoza,Villarreal de Huerva
50293,ES24,Zaragoza,Villarroya de la Sierra
50294,ES24,Zaragoza,Villarroya del Campo
50282,ES24,Zaragoza,"Vilueña, La"
50295,ES24,Zaragoza,Vistabella
50296,ES24,Zaragoza,"Zaida, La"
50297,ES24,Zaragoza,Zaragoza
50298,ES24,Zaragoza,Zuera
51001,ES63,Ciudad Autónoma de Ceuta,Ceuta
52001,ES64,Ciudad Autónoma de Melilla,Melilla
